ID,Gender,Age,Education,SN1,SN2,SN3,SN4,ATT1,ATT2,ATT3,ATT4,PBC1,PBC2,PBC3,PBC4,INT1,INT2,INT3,INT4,BEH1,BEH2,BEH3,BEH4
1.0,Female,29.0,4,4,4,4,3,4,4,4,4,4,4,4,3,3,3,3,3,3,4,3,4
2.0,Male,24.0,3,4,4,4,4,4,4,3,4,3,3,4,4,4,4,4,5,4,4,4,4
3.0,Male,27.0,4,3,3,3,3,3,3,4,4,4,3,4,3,4,3,3,4,3,3,3,3
4.0,Female,25.0,3,3,3,3,3,5,4,4,4,4,3,3,4,4,4,4,4,3,4,4,4
5.0,Male,51.0,1,4,4,4,4,3,4,3,4,3,4,4,3,3,3,3,3,4,4,4,3
6.0,Female,35.0,3,4,3,4,3,3,3,3,4,3,3,3,4,3,4,3,3,3,3,3,4
7.0,Female,46.0,4,4,4,4,4,4,4,4,4,3,3,3,3,4,4,4,3,4,4,4,3
8.0,Male,41.0,1,4,4,4,4,4,3,4,3,4,4,5,4,4,4,5,3,4,4,3,4
9.0,Female,23.0,2,3,4,4,4,4,4,4,4,3,3,4,3,4,3,4,3,4,3,4,3
10.0,Male,50.0,1,3,4,4,4,3,3,3,3,4,4,4,4,4,4,4,4,3,3,3,4
11.0,Female,46.0,1,4,4,4,3,4,4,3,4,4,4,4,4,4,4,4,4,4,4,4,4
12.0,Female,22.0,3,4,3,3,3,3,3,3,3,4,4,4,3,3,4,3,4,3,3,3,4
13.0,Male,39.0,2,4,4,4,4,4,4,4,4,4,4,4,4,4,5,4,5,3,4,4,4
14.0,Male,54.0,3,4,4,3,3,3,3,3,3,4,4,3,3,3,3,4,3,3,3,3,4
15.0,Female,51.0,3,3,3,3,4,3,4,4,3,3,4,4,4,4,4,4,4,4,4,4,5
16.0,Male,41.0,2,3,3,3,3,3,3,3,4,3,3,4,4,3,3,3,3,4,3,4,3
17.0,Male,56.0,3,4,4,3,4,4,4,4,4,3,3,3,3,4,3,4,4,4,4,3,4
18.0,Male,19.0,1,3,4,4,3,4,4,4,4,3,3,4,3,4,4,4,4,4,4,3,4
19.0,Female,51.0,3,4,4,3,4,4,4,4,3,3,3,3,3,3,4,3,4,3,3,3,3
20.0,Female,26.0,3,3,4,3,3,4,5,4,4,4,4,4,4,4,3,4,4,4,4,3,4
21.0,Female,31.0,2,3,3,4,4,4,4,5,4,4,4,4,4,3,4,3,4,4,3,3,3
22.0,Male,44.0,3,3,3,4,3,4,4,4,5,3,4,3,3,4,3,3,3,4,4,4,3
23.0,Female,23.0,1,3,3,4,4,2,4,3,3,3,3,4,4,4,3,3,3,3,3,4,3
24.0,Female,25.0,3,3,4,3,4,3,3,3,3,3,3,4,4,4,4,4,4,4,3,3,3
25.0,Female,24.0,4,3,4,3,3,4,4,4,4,4,4,4,4,4,4,4,4,4,4,4,4
26.0,Male,29.0,3,4,3,3,3,3,3,3,3,3,3,3,3,4,3,3,3,4,3,4,3
27.0,Male,43.0,4,3,3,3,3,4,4,4,3,3,2,4,3,3,3,3,2,4,4,4,3
28.0,Female,56.0,2,4,3,4,4,4,4,3,4,3,3,4,4,4,3,4,4,4,4,4,4
29.0,Male,38.0,4,4,3,3,4,2,3,3,3,3,3,3,3,4,4,4,3,3,3,3,3
30.0,Female,55.0,4,3,3,3,4,4,4,4,4,3,3,3,3,3,3,3,4,4,3,3,3
31.0,Female,56.0,1,3,3,4,4,4,3,4,4,4,4,4,4,4,4,4,4,4,4,4,4
32.0,Female,36.0,4,3,3,3,2,4,4,4,4,4,3,3,3,3,4,4,4,4,4,3,3
33.0,Female,54.0,3,3,3,4,4,3,4,3,4,3,4,4,4,4,4,4,4,4,4,4,4
34.0,Female,44.0,4,4,4,4,4,5,5,4,4,2,4,4,3,4,4,4,3,4,3,3,4
35.0,Male,45.0,1,3,2,3,3,3,3,3,3,4,3,3,3,3,4,3,4,3,4,3,3
36.0,Male,42.0,3,3,3,4,3,3,3,3,3,4,4,4,4,3,3,3,3,4,4,4,3
37.0,Female,57.0,2,4,4,4,4,4,3,4,3,3,3,3,3,4,4,4,3,3,3,3,4
38.0,Male,19.0,2,4,4,3,4,4,4,4,4,4,3,4,4,4,4,4,4,4,4,4,4
39.0,Male,39.0,3,3,3,2,3,3,4,4,4,3,3,3,2,3,3,3,3,4,3,3,3
40.0,Male,45.0,3,2,3,3,3,3,3,3,4,3,3,4,3,3,3,3,3,3,3,2,3
41.0,Male,42.0,4,4,4,4,4,3,4,3,4,4,4,4,4,4,3,4,4,4,4,4,4
42.0,Male,28.0,4,3,4,4,3,3,3,3,3,4,4,4,4,3,4,3,3,4,4,4,4
43.0,Male,28.0,4,4,4,4,4,3,2,2,3,4,4,4,4,3,3,3,4,4,4,3,3
44.0,Male,35.0,3,4,4,4,3,3,3,4,4,3,4,3,3,4,3,3,3,4,4,3,4
45.0,Female,43.0,4,3,4,4,3,3,4,4,3,3,3,4,4,3,3,3,3,3,4,3,3
46.0,Female,57.0,3,4,3,4,4,3,4,3,4,3,4,3,4,4,4,4,3,3,4,4,4
47.0,Male,34.0,4,3,3,3,3,4,4,4,5,3,3,3,3,4,4,4,3,4,3,3,3
48.0,Female,39.0,3,3,4,3,3,3,4,3,3,3,3,3,3,4,4,3,3,4,4,3,3
49.0,Female,55.0,4,2,2,3,3,3,4,4,4,4,4,4,4,3,3,4,3,4,4,4,4
50.0,Male,24.0,3,4,4,3,3,3,2,3,3,3,4,4,3,4,3,3,4,3,3,3,3
51.0,Female,21.0,1,5,4,4,4,5,4,4,5,4,4,4,4,5,4,5,4,4,4,5,4
52.0,Male,34.0,4,4,4,4,4,3,4,4,3,3,3,3,3,4,3,4,4,4,3,4,3
53.0,Male,50.0,1,3,3,3,3,5,4,4,4,3,4,3,4,3,3,4,4,3,3,4,4
54.0,Male,26.0,1,3,4,3,3,3,4,4,4,4,3,4,4,2,3,3,3,3,4,4,3
55.0,Male,51.0,4,3,3,4,4,3,2,3,3,3,3,4,3,3,3,3,3,3,3,3,3
56.0,Male,51.0,3,3,3,3,3,4,3,3,4,3,3,3,3,3,3,3,3,4,3,3,4
57.0,Female,44.0,4,3,4,3,3,4,4,3,3,4,3,4,4,4,4,4,4,4,3,4,4
58.0,Male,40.0,1,4,4,4,4,3,3,3,3,4,3,3,3,3,3,3,3,3,3,3,3
59.0,Female,31.0,1,3,4,3,3,4,3,4,4,3,4,4,4,4,4,4,4,4,4,4,4
60.0,Female,26.0,2,3,3,3,3,4,3,4,3,3,4,4,4,3,3,3,4,4,4,3,4
61.0,Female,41.0,3,3,4,3,4,4,3,4,3,3,4,4,4,4,4,4,4,4,4,5,4
62.0,Female,40.0,3,4,4,4,4,2,3,3,3,3,3,3,3,4,3,3,3,3,4,3,3
63.0,Male,24.0,3,4,3,3,3,4,4,4,4,3,3,3,3,3,3,3,4,4,4,4,4
64.0,Female,41.0,2,4,5,4,4,3,3,4,4,3,3,4,4,4,4,4,4,4,3,3,3
65.0,Female,48.0,4,4,3,3,3,3,3,3,4,4,4,4,4,3,3,3,3,4,3,3,4
66.0,Female,33.0,3,4,5,4,3,4,3,3,3,3,3,4,3,4,4,3,4,4,4,4,4
67.0,Female,23.0,2,4,4,4,4,4,4,3,3,4,4,4,4,4,3,4,4,4,4,3,4
68.0,Male,25.0,1,3,3,3,4,4,4,3,4,4,3,3,4,3,3,3,3,3,3,3,3
69.0,Male,27.0,3,3,3,3,3,4,3,3,3,3,3,3,3,4,4,4,3,4,4,3,4
70.0,Female,21.0,1,4,4,3,3,3,3,4,3,3,4,3,4,3,4,3,4,4,4,4,3
71.0,Male,56.0,1,4,4,4,3,4,4,4,4,3,3,3,3,4,3,3,4,3,4,3,4
72.0,Female,33.0,3,4,4,3,4,4,3,3,4,4,4,4,3,4,4,4,4,4,4,4,4
73.0,Female,19.0,3,3,3,2,3,4,4,4,3,4,3,3,4,3,3,3,3,3,4,3,3
74.0,Female,36.0,2,3,3,2,4,4,4,4,3,4,4,4,4,4,4,4,3,3,3,3,4
75.0,Male,44.0,4,4,4,3,4,5,4,4,4,4,3,4,4,4,4,3,3,4,2,4,4
76.0,Female,46.0,3,4,5,4,4,3,3,3,3,4,4,3,4,4,3,4,3,3,3,3,4
77.0,Female,18.0,3,3,4,3,4,3,4,4,3,4,4,4,4,4,3,3,4,3,3,3,4
78.0,Male,46.0,4,4,4,4,4,3,3,4,2,4,3,4,4,4,3,4,4,4,4,4,4
79.0,Male,49.0,3,3,3,4,3,3,3,4,4,4,3,4,4,4,5,4,4,4,4,3,4
80.0,Female,55.0,3,3,4,3,4,3,3,3,4,4,3,3,3,4,3,3,4,3,3,3,4
81.0,Female,20.0,3,4,3,3,3,3,3,3,3,3,3,3,2,2,3,3,3,3,2,2,3
82.0,Male,36.0,2,4,3,3,3,3,4,3,3,4,4,3,4,2,4,3,3,3,4,3,4
83.0,Female,32.0,1,4,4,4,4,4,4,4,4,3,4,3,4,4,3,3,4,3,3,3,4
84.0,Male,51.0,1,4,3,4,4,3,4,3,4,3,4,3,4,4,4,4,4,4,3,4,3
85.0,Female,30.0,2,3,4,4,4,4,4,4,3,3,3,3,3,3,4,3,3,4,3,3,3
86.0,Female,32.0,3,3,4,4,3,4,4,3,3,4,4,4,4,4,4,4,4,4,3,4,4
87.0,Male,57.0,1,4,4,3,3,4,3,3,4,3,4,3,4,3,4,4,4,4,4,4,4
88.0,Male,35.0,1,4,4,4,3,3,4,4,4,4,3,3,3,4,4,4,4,3,4,4,4
89.0,Female,21.0,1,3,3,3,4,3,4,3,4,3,4,4,4,3,3,3,3,3,3,3,3
90.0,Male,57.0,3,4,4,4,4,4,5,4,4,3,4,3,3,4,4,4,4,4,4,4,4
91.0,Male,49.0,4,3,3,3,3,4,3,3,3,3,3,3,4,3,4,3,3,4,3,4,3
92.0,Male,23.0,2,3,4,4,3,3,3,4,3,4,4,4,4,4,3,4,4,3,4,4,4
93.0,Male,25.0,3,3,3,3,3,4,3,4,3,3,3,3,2,3,3,3,4,3,4,3,3
94.0,Male,19.0,4,3,3,3,3,4,3,4,4,4,4,4,4,3,3,3,3,4,3,4,3
95.0,Female,44.0,4,4,3,4,4,4,4,4,4,3,3,3,3,4,3,4,3,4,4,3,4
96.0,Female,27.0,4,4,4,3,4,3,3,4,3,3,4,3,3,3,3,4,3,3,3,3,3
97.0,Male,50.0,3,3,3,3,3,3,4,3,3,3,4,3,4,3,4,3,3,3,3,4,3
98.0,Male,24.0,4,4,3,4,3,4,4,3,4,3,4,3,4,4,3,3,3,3,3,4,3
99.0,Male,40.0,2,4,4,4,4,3,3,3,4,4,4,3,3,4,4,4,4,4,4,3,4
100.0,Male,31.0,2,3,3,4,4,4,4,4,4,4,4,4,4,4,4,4,4,4,4,4,4
101.0,Female,48.0,2,3,4,4,3,3,3,3,3,3,3,3,3,3,4,4,4,4,3,3,4
102.0,Female,34.0,1,2,2,3,3,3,3,3,3,4,4,4,3,3,4,3,3,3,4,4,4
103.0,Female,55.0,3,3,4,4,4,4,3,3,3,3,4,4,4,3,3,3,3,3,4,4,3
104.0,Male,22.0,4,3,3,3,3,4,4,4,4,3,3,3,3,4,3,3,3,4,4,3,4
105.0,Female,52.0,2,4,3,4,3,4,3,4,3,4,4,3,3,4,3,3,3,3,2,3,3
106.0,Male,30.0,4,3,3,3,4,3,3,4,3,5,4,4,4,4,3,3,3,3,3,4,4
107.0,Female,51.0,3,4,4,4,4,4,3,4,3,4,4,4,4,4,3,4,3,4,3,4,3
108.0,Female,20.0,4,3,3,4,4,4,3,4,3,3,3,3,3,4,3,3,3,4,4,4,3
109.0,Female,52.0,1,3,3,2,3,3,3,3,3,3,3,3,3,3,3,3,3,3,3,3,3
110.0,Male,57.0,3,3,4,3,4,3,3,2,3,3,3,3,4,4,3,3,3,3,3,3,3
111.0,Female,26.0,1,3,3,4,3,4,4,4,3,4,3,4,4,4,4,3,4,3,3,3,3
112.0,Male,32.0,1,3,4,3,4,3,3,3,3,3,3,3,4,3,4,4,3,3,4,3,3
113.0,Male,19.0,2,3,3,3,3,4,4,4,3,3,3,3,4,4,4,4,4,4,4,4,4
114.0,Male,47.0,3,4,4,4,4,4,3,4,3,4,3,4,3,4,3,4,3,3,4,4,4
115.0,Female,18.0,4,4,4,3,4,3,3,3,4,3,4,4,4,3,3,3,4,4,4,4,3
116.0,Male,37.0,3,4,4,3,3,4,4,4,4,4,4,3,4,4,4,4,4,4,3,4,4
117.0,Female,47.0,3,4,5,4,5,2,3,3,3,4,4,3,4,3,3,4,4,4,4,4,3
118.0,Female,43.0,2,3,4,4,4,3,4,3,4,3,4,4,3,3,4,3,3,3,4,3,4
119.0,Male,22.0,2,4,4,4,4,3,3,3,3,3,4,3,3,4,4,4,4,4,3,4,3
120.0,Female,33.0,1,3,3,4,3,3,2,4,3,3,3,4,3,3,3,3,3,3,3,3,3
121.0,Male,57.0,1,3,3,2,3,4,4,4,3,4,3,4,3,3,3,3,4,4,3,3,3
122.0,Male,51.0,2,3,3,4,4,3,3,3,3,3,4,3,3,4,3,3,3,3,3,4,3
123.0,Male,30.0,3,4,4,3,4,3,3,4,3,3,3,3,3,3,4,3,4,4,3,3,4
124.0,Female,27.0,4,3,3,3,3,3,3,4,3,3,3,3,3,4,3,3,3,3,3,3,4
125.0,Female,49.0,1,3,4,3,4,4,4,4,4,3,4,4,4,3,3,4,3,4,3,3,3
126.0,Male,30.0,1,4,3,3,4,3,3,4,4,4,4,3,3,4,3,3,3,3,4,3,4
127.0,Male,52.0,1,4,4,3,3,4,3,4,4,4,4,4,4,4,3,4,3,3,4,4,4
128.0,Female,22.0,4,3,3,3,3,4,4,4,4,4,4,4,4,4,4,4,4,3,4,4,4
129.0,Female,25.0,2,4,4,4,3,4,4,4,4,3,3,3,3,4,4,4,4,3,4,3,4
130.0,Male,54.0,1,4,4,3,3,3,3,3,3,3,4,4,4,3,3,3,3,3,3,3,4
131.0,Male,54.0,2,3,3,4,4,3,3,3,3,3,4,3,3,4,3,3,3,3,3,4,4
132.0,Male,35.0,1,4,4,3,4,3,3,2,3,4,4,3,4,4,3,3,4,4,3,4,3
133.0,Female,31.0,1,4,4,4,4,4,3,3,3,3,3,3,3,3,4,4,4,3,3,3,4
134.0,Male,49.0,2,3,4,3,3,3,3,3,3,3,3,4,3,3,3,3,3,3,3,3,3
135.0,Female,35.0,3,4,4,3,4,3,3,3,3,4,4,3,3,4,3,3,3,3,3,4,3
136.0,Female,30.0,4,4,3,3,4,3,3,4,3,3,3,4,4,3,3,4,4,3,3,3,4
137.0,Male,19.0,1,4,4,4,4,4,4,4,4,3,4,4,4,4,3,4,4,4,4,4,4
138.0,Female,25.0,1,4,4,4,4,3,4,3,4,3,3,3,3,3,4,4,4,3,3,3,4
139.0,Female,30.0,3,4,4,4,3,4,3,3,4,4,3,4,4,3,3,3,3,3,3,3,4
140.0,Female,41.0,1,4,3,3,3,3,3,3,3,3,3,4,3,3,3,3,3,3,4,4,4
141.0,Male,21.0,2,3,3,4,4,4,3,4,4,4,4,4,4,3,4,3,4,3,3,4,4
142.0,Male,24.0,1,3,4,3,3,4,3,3,3,3,3,4,4,3,3,4,3,3,3,3,4
143.0,Female,23.0,1,3,4,3,4,5,4,4,4,4,4,4,4,4,4,3,4,4,4,4,4
144.0,Female,30.0,2,3,3,4,3,4,3,4,4,3,3,3,4,4,3,4,3,3,3,3,4
145.0,Female,28.0,3,3,3,4,3,3,3,3,4,4,4,4,4,4,3,3,4,4,4,4,4
146.0,Male,31.0,1,5,4,4,4,4,4,4,4,3,4,3,4,3,4,4,4,3,3,4,3
147.0,Male,51.0,1,3,4,4,3,3,3,4,3,4,3,4,4,3,3,4,3,4,5,4,3
148.0,Male,32.0,4,4,3,3,4,3,3,3,3,3,3,3,3,4,3,4,3,4,4,3,3
149.0,Male,27.0,2,3,3,3,4,3,3,3,3,4,3,3,3,3,3,3,3,3,3,3,3
150.0,Male,33.0,2,3,4,4,3,3,4,4,4,3,3,3,3,3,3,3,4,4,3,3,4
151.0,Male,19.0,1,3,3,3,3,3,4,4,3,4,4,4,4,3,4,3,4,4,4,3,3
152.0,Female,56.0,1,4,4,4,4,4,3,4,4,3,3,3,3,4,4,4,3,3,4,3,4
153.0,Female,56.0,4,3,3,3,3,4,4,4,4,4,3,4,4,3,3,3,3,3,3,4,3
154.0,Male,22.0,4,3,3,3,3,3,3,3,4,2,3,3,4,3,3,3,3,3,4,3,4
155.0,Male,31.0,3,3,4,3,4,3,3,3,3,4,4,4,3,4,3,3,4,3,3,4,4
156.0,Male,51.0,2,3,3,3,4,3,3,3,3,3,4,3,3,4,3,4,3,4,4,4,4
157.0,Female,33.0,4,3,3,3,3,3,4,3,3,3,4,4,4,4,3,3,3,3,3,3,3
158.0,Female,21.0,4,4,4,4,4,3,2,3,2,4,4,3,3,3,4,4,4,4,3,3,4
159.0,Female,42.0,2,4,4,3,4,4,3,4,3,3,3,4,4,4,4,3,4,4,3,4,4
160.0,Male,56.0,1,4,3,4,3,4,4,4,4,4,4,4,4,3,4,4,3,3,3,3,4
161.0,Female,26.0,4,4,3,4,4,4,4,4,4,4,3,4,4,4,4,4,4,3,4,4,4
162.0,Male,18.0,3,4,3,4,3,4,4,3,4,4,5,4,4,4,4,4,3,4,4,3,3
163.0,Male,38.0,2,3,3,3,3,4,4,4,4,3,3,4,3,4,4,4,3,3,3,4,4
164.0,Male,34.0,2,4,4,4,3,3,3,3,3,4,4,3,4,4,3,3,4,4,4,3,3
165.0,Male,42.0,1,3,3,3,4,4,3,4,3,3,3,4,4,3,3,3,3,3,3,4,4
166.0,Female,53.0,1,4,4,3,3,4,3,4,3,3,3,3,4,3,3,3,3,4,3,4,3
167.0,Male,19.0,4,3,3,3,4,3,3,4,3,3,3,2,3,2,4,3,3,3,3,3,3
168.0,Female,36.0,4,4,4,4,4,3,3,3,3,3,3,3,4,3,4,3,4,4,3,3,4
169.0,Female,31.0,2,4,3,3,3,4,3,3,3,4,3,4,4,3,3,3,3,3,4,4,4
170.0,Female,32.0,3,3,3,3,3,3,3,3,3,4,4,4,4,4,4,4,3,3,4,4,4
171.0,Male,22.0,4,4,4,5,4,4,3,3,3,4,4,5,3,4,5,4,4,4,4,4,4
172.0,Female,37.0,3,3,3,3,3,4,4,4,4,3,3,3,3,4,4,4,3,3,4,3,4
173.0,Male,51.0,4,4,3,4,3,4,4,4,3,3,3,4,3,3,4,4,4,3,3,3,3
174.0,Male,40.0,2,3,3,4,3,3,3,4,3,4,4,4,4,4,4,4,4,4,4,3,4
175.0,Male,31.0,2,4,4,3,4,4,4,4,4,4,4,4,3,4,4,3,4,4,3,4,4
176.0,Male,43.0,1,3,4,3,3,3,3,4,4,4,4,4,4,3,3,3,3,3,3,3,3
177.0,Female,26.0,1,4,4,3,3,3,4,3,4,3,3,3,3,3,4,3,4,4,4,3,4
178.0,Male,43.0,3,3,3,2,2,4,3,3,4,3,3,4,4,2,3,3,3,3,4,3,3
179.0,Male,49.0,2,3,3,4,3,3,3,4,3,4,4,4,4,4,3,4,4,4,4,4,4
180.0,Female,48.0,4,4,4,3,3,3,3,3,4,3,4,4,3,4,3,4,4,4,3,3,3
181.0,Female,57.0,4,3,3,3,4,3,3,4,3,3,4,4,3,4,4,3,4,3,4,3,4
182.0,Male,41.0,3,3,4,3,3,4,4,4,4,4,4,3,4,5,4,4,4,4,4,4,4
183.0,Male,24.0,4,4,4,3,4,2,3,3,3,4,3,4,4,3,3,3,4,3,3,3,3
184.0,Male,39.0,4,3,3,3,3,4,4,4,3,3,3,3,2,2,3,3,3,4,3,3,3
185.0,Female,50.0,1,3,3,4,3,4,4,4,4,4,4,4,4,4,4,4,4,4,4,4,4
186.0,Male,55.0,2,4,4,4,4,3,4,3,3,4,3,4,4,3,3,3,3,3,4,3,3
187.0,Male,33.0,1,4,4,4,4,4,4,4,3,3,4,3,4,4,5,4,4,4,4,4,3
188.0,Female,33.0,2,3,3,3,3,4,4,4,4,3,3,3,3,3,3,4,3,3,3,4,3
189.0,Female,46.0,2,3,4,3,4,4,4,3,4,4,4,4,4,3,3,4,3,3,4,3,3
190.0,Male,57.0,3,3,3,3,3,4,4,3,4,4,4,4,3,3,3,3,3,3,3,3,3
191.0,Male,35.0,4,3,4,3,3,3,3,3,4,4,4,4,4,4,3,3,4,3,4,3,3
192.0,Female,19.0,3,3,3,3,3,4,4,3,4,4,4,4,4,4,3,3,3,3,3,3,3
193.0,Female,56.0,4,3,3,3,4,3,4,4,4,4,3,3,3,3,3,4,3,3,3,3,4
194.0,Male,57.0,4,4,4,4,3,4,3,3,3,4,4,4,4,4,4,4,4,3,4,4,3
195.0,Male,34.0,3,4,5,4,4,3,3,3,3,4,4,4,4,4,3,3,3,3,4,3,3
196.0,Male,36.0,4,4,4,4,4,3,3,3,3,4,4,4,3,3,3,4,3,3,3,3,3
197.0,Female,26.0,2,3,2,3,2,3,3,4,4,3,3,3,3,3,3,3,3,4,4,4,4
198.0,Female,18.0,2,4,4,4,3,2,2,2,3,3,3,3,3,3,3,3,3,3,4,4,4
199.0,Female,23.0,4,4,4,3,4,4,2,3,3,3,4,3,4,3,4,4,3,4,3,3,3
200.0,Male,48.0,3,4,4,3,3,3,4,3,4,4,4,4,4,4,3,3,3,3,4,4,4
201.0,Female,49.0,1,4,4,4,4,3,4,3,3,4,3,3,3,3,3,3,3,3,3,4,4
202.0,Male,21.0,2,3,3,3,4,5,4,4,4,4,4,4,4,4,3,3,3,3,4,3,4
203.0,Female,42.0,2,3,4,4,3,3,3,3,2,3,3,3,3,3,4,4,4,3,4,4,4
204.0,Male,40.0,1,4,4,4,3,3,3,3,2,3,3,3,3,3,4,4,4,3,4,3,4
205.0,Female,43.0,4,4,3,3,4,4,4,4,4,3,3,3,3,4,4,4,3,4,4,4,4
206.0,Female,43.0,2,3,3,3,3,3,3,3,3,4,3,3,4,3,3,3,3,3,3,3,4
207.0,Female,35.0,1,4,3,3,4,3,3,3,3,3,3,3,3,3,3,4,4,4,4,4,4
208.0,Male,21.0,1,3,4,4,3,3,4,3,3,4,4,3,4,3,3,4,4,4,3,4,4
209.0,Female,45.0,4,4,3,4,3,3,3,4,4,4,4,4,4,4,3,3,3,3,4,4,4
210.0,Female,54.0,4,4,4,4,4,4,3,4,4,4,4,4,4,4,4,4,4,3,4,3,3
211.0,Male,27.0,2,4,3,3,3,3,4,3,3,3,3,3,3,3,4,3,3,3,3,3,3
212.0,Male,56.0,1,4,4,3,3,5,3,3,3,4,4,4,3,4,4,4,4,4,4,4,4
213.0,Male,37.0,4,4,4,3,3,3,4,4,4,3,4,4,3,4,4,4,4,4,4,3,4
214.0,Female,30.0,2,3,3,3,3,3,3,3,3,4,4,3,3,3,3,3,2,4,4,3,3
215.0,Female,46.0,3,3,3,3,3,3,3,3,3,3,3,3,3,4,3,3,4,3,3,3,3
216.0,Female,49.0,3,3,3,4,4,4,4,4,4,3,3,4,4,4,4,3,3,4,4,3,4
217.0,Male,52.0,1,3,4,3,3,4,4,4,4,3,3,3,3,3,4,4,3,3,3,4,3
218.0,Female,54.0,4,3,3,3,3,3,3,3,4,3,3,3,4,4,3,3,4,4,3,3,3
219.0,Male,41.0,1,3,3,4,4,4,4,4,4,4,4,4,5,3,4,4,4,4,4,3,4
220.0,Female,35.0,2,4,3,3,3,4,4,4,4,4,3,3,4,3,3,4,3,3,4,3,3
221.0,Male,33.0,2,3,4,3,4,4,3,3,4,3,3,3,4,3,3,3,3,3,3,4,3
222.0,Male,32.0,1,4,3,4,4,3,2,4,3,3,4,4,4,3,4,3,3,4,3,3,4
223.0,Male,45.0,1,3,4,3,3,4,3,3,3,3,3,3,4,3,2,3,3,3,3,3,4
224.0,Female,24.0,2,3,3,3,3,3,4,3,4,3,3,4,4,4,4,3,3,3,4,3,3
225.0,Female,51.0,1,4,4,4,4,3,3,3,3,3,4,3,3,2,3,4,3,4,3,4,4
226.0,Female,19.0,3,4,4,5,5,3,3,3,3,3,3,3,4,4,3,4,3,4,4,4,4
227.0,Female,42.0,3,3,3,3,3,5,4,4,4,4,4,3,3,4,4,3,4,4,3,4,4
228.0,Male,47.0,2,3,3,3,4,4,4,5,4,4,4,4,4,3,4,3,3,3,3,3,4
229.0,Male,32.0,3,4,4,4,4,3,3,3,3,4,4,4,4,4,4,3,4,3,3,3,3
230.0,Female,30.0,4,4,3,3,4,4,4,3,4,4,3,3,4,3,4,3,3,3,3,3,4
231.0,Female,39.0,4,3,4,3,4,4,4,3,3,4,4,4,4,3,4,3,4,3,4,4,4
232.0,Male,31.0,3,4,4,4,4,4,4,4,4,4,3,3,3,3,3,4,3,4,4,4,4
233.0,Male,50.0,4,4,3,3,3,3,3,3,3,3,3,3,3,2,3,3,3,4,4,4,3
234.0,Male,34.0,3,3,3,3,3,3,3,4,3,3,4,4,3,3,3,2,3,4,3,3,3
235.0,Male,36.0,4,4,4,4,3,4,4,4,4,4,3,3,4,3,4,4,3,4,4,3,4
236.0,Female,33.0,2,3,2,2,2,4,3,3,3,3,4,4,3,4,3,3,3,4,4,4,4
237.0,Female,57.0,2,3,3,2,3,3,3,3,3,3,3,3,3,3,3,4,3,4,3,3,3
238.0,Female,18.0,4,3,3,4,3,4,3,3,4,3,3,3,3,3,3,3,3,3,2,4,4
239.0,Male,28.0,2,3,2,3,3,4,3,3,3,4,4,4,4,4,4,4,4,4,3,3,4
240.0,Male,39.0,1,4,4,4,4,3,4,4,3,3,3,3,3,3,4,4,4,4,4,4,4
241.0,Female,44.0,2,4,3,3,4,3,3,3,3,4,4,4,4,3,4,3,4,4,4,3,3
242.0,Female,52.0,4,4,3,4,4,4,4,4,4,4,4,4,4,3,4,4,4,4,3,3,4
243.0,Female,34.0,1,3,4,3,3,4,3,3,4,3,3,4,3,3,3,3,3,3,4,3,3
244.0,Male,52.0,2,4,4,4,3,4,3,3,4,4,4,4,4,4,4,4,4,4,4,4,4
245.0,Male,56.0,4,3,3,3,3,3,3,3,4,4,4,4,4,3,4,4,3,4,4,3,4
246.0,Female,55.0,1,3,2,3,3,4,3,4,4,4,3,3,3,3,3,3,2,3,3,3,3
247.0,Female,44.0,2,3,3,3,3,3,3,3,3,4,4,4,4,3,3,3,3,4,3,3,4
248.0,Female,27.0,3,4,4,4,5,2,3,3,3,4,4,3,4,4,3,4,4,3,3,3,4
249.0,Male,41.0,1,4,5,3,4,3,3,3,3,3,3,4,3,4,3,3,3,3,3,3,4
250.0,Female,45.0,3,4,4,4,4,3,4,3,3,4,4,4,4,4,3,4,4,4,3,4,4
251.0,Female,36.0,3,3,3,4,3,3,3,3,3,3,4,4,3,4,3,3,3,3,3,4,3
252.0,Female,25.0,3,3,3,3,3,4,3,4,3,4,4,4,3,4,3,4,3,4,4,4,4
253.0,Male,30.0,1,3,3,3,3,4,4,3,3,3,3,3,4,3,4,4,4,3,3,3,3
254.0,Male,32.0,4,3,3,3,3,3,3,4,3,4,4,4,4,3,3,3,3,3,3,3,3
255.0,Male,24.0,1,4,3,3,3,3,3,4,3,4,4,3,4,3,3,4,3,4,3,4,3
256.0,Male,47.0,2,3,3,3,3,4,3,3,3,4,4,4,4,4,3,3,3,3,2,3,3
257.0,Male,25.0,2,3,3,3,4,4,4,4,4,4,4,4,3,4,4,3,4,4,4,4,4
258.0,Male,21.0,4,4,4,4,3,4,3,3,4,4,4,4,3,3,4,3,3,3,4,3,3
259.0,Female,38.0,2,4,3,4,3,4,3,3,3,4,4,4,4,4,4,4,4,4,4,4,3
260.0,Female,40.0,4,3,3,4,3,3,3,3,3,3,3,3,3,3,3,4,3,4,3,3,4
261.0,Female,53.0,2,3,3,3,4,4,4,4,4,3,3,3,3,4,4,4,4,4,4,3,4
262.0,Female,46.0,1,4,4,4,3,3,4,3,4,4,4,4,4,3,4,4,4,3,4,4,3
263.0,Male,53.0,4,3,3,4,3,4,4,4,4,3,4,4,4,3,3,3,3,3,3,3,4
264.0,Female,31.0,4,4,3,4,4,2,2,4,3,2,3,3,3,4,3,3,3,3,4,4,4
265.0,Male,55.0,4,4,4,3,3,4,4,4,4,3,4,3,3,3,3,3,4,4,3,4,4
266.0,Male,34.0,2,3,4,3,3,4,3,4,3,4,3,3,3,3,3,3,3,3,3,3,3
267.0,Male,26.0,4,3,3,3,3,4,3,3,3,3,4,3,3,4,4,4,3,4,4,4,4
268.0,Female,55.0,4,3,4,3,4,4,3,4,4,3,3,3,4,3,4,3,3,4,4,3,3
269.0,Female,50.0,1,4,4,4,4,3,3,3,3,3,3,3,4,4,3,3,4,4,4,4,4
270.0,Female,35.0,4,3,3,3,3,4,3,3,3,3,3,3,4,3,3,3,4,3,3,4,3
271.0,Male,28.0,2,4,3,4,3,5,4,4,4,2,3,2,3,3,4,3,3,4,3,3,4
272.0,Male,32.0,1,4,4,3,3,4,3,3,4,4,3,4,4,4,3,4,3,4,4,4,3
273.0,Female,49.0,1,3,4,4,4,4,3,4,4,3,4,4,4,4,3,3,4,4,4,3,4
274.0,Female,33.0,2,3,3,3,3,3,3,3,4,4,4,4,4,3,3,3,3,4,4,3,4
275.0,Male,39.0,2,4,4,3,3,4,4,4,3,4,4,4,4,4,4,4,3,4,4,4,4
276.0,Male,18.0,4,3,4,3,4,3,3,3,3,3,3,3,3,3,3,3,3,3,3,3,4
277.0,Female,40.0,4,3,3,3,3,3,3,4,4,3,4,3,4,4,3,3,4,4,3,3,3
278.0,Female,23.0,3,4,4,4,4,5,4,5,4,4,4,4,3,4,5,4,4,4,4,4,4
279.0,Female,49.0,1,3,3,3,3,4,3,3,3,3,3,3,3,3,3,2,4,3,3,3,3
280.0,Female,19.0,4,3,3,4,3,3,3,4,3,3,3,3,3,4,3,4,3,4,3,4,3
281.0,Male,46.0,1,4,4,4,4,4,4,4,4,3,3,3,3,4,4,4,4,4,4,3,4
282.0,Female,48.0,2,3,3,3,3,3,4,3,4,4,4,4,4,4,3,3,3,3,3,3,3
283.0,Female,22.0,3,4,3,3,3,3,4,3,3,3,3,4,4,4,3,3,3,3,3,3,3
284.0,Male,47.0,2,4,4,4,4,4,3,4,3,3,4,3,3,4,3,4,4,3,4,4,4
285.0,Male,28.0,4,4,4,3,4,4,3,3,3,3,3,4,4,4,3,4,4,4,4,4,3
286.0,Male,54.0,3,3,4,4,4,3,3,3,3,3,3,3,3,4,3,3,3,3,3,3,3
287.0,Male,20.0,2,3,4,4,4,4,3,4,4,4,3,4,3,4,4,4,4,4,4,4,3
288.0,Male,41.0,2,4,4,5,4,3,3,3,3,4,3,3,3,4,4,4,4,3,4,3,4
289.0,Female,42.0,4,3,3,4,3,3,4,4,4,3,3,3,3,3,4,3,3,3,3,4,4
290.0,Male,49.0,4,3,3,3,3,3,3,3,4,3,4,4,3,3,3,3,3,5,4,3,3
291.0,Female,30.0,3,4,4,3,4,3,4,4,4,5,4,4,5,4,4,4,4,4,4,3,4
292.0,Male,18.0,2,3,3,3,4,4,4,3,3,3,3,4,3,4,4,3,3,3,4,4,4
293.0,Male,50.0,4,4,4,3,4,4,4,4,3,4,3,3,3,3,3,3,3,4,3,3,3
294.0,Female,40.0,2,4,4,4,3,4,4,4,4,3,3,3,3,4,4,4,4,4,4,4,4
295.0,Male,23.0,1,4,3,4,4,3,3,4,3,3,3,3,4,3,3,4,4,3,4,4,4
296.0,Female,37.0,1,4,4,5,3,3,4,3,3,3,3,3,3,4,4,3,4,4,4,4,4
297.0,Female,45.0,4,2,3,2,3,4,4,3,3,3,3,3,3,3,3,3,3,3,3,3,3
298.0,Female,26.0,1,4,4,4,4,4,3,4,4,3,4,4,3,3,4,3,4,3,3,3,3
299.0,Male,40.0,3,3,3,3,4,4,3,4,4,3,3,3,3,4,3,4,4,3,4,3,4
300.0,Male,28.0,1,3,3,3,3,4,4,4,3,4,4,4,4,4,3,4,4,3,4,4,4
301.0,Female,48.0,3,3,4,3,4,3,2,3,3,4,3,4,4,3,4,3,3,3,3,3,3
302.0,Female,34.0,4,4,3,3,4,3,3,3,3,3,3,3,4,4,3,3,3,3,3,3,3
303.0,Female,31.0,1,4,4,4,4,2,2,2,3,4,4,4,4,3,3,3,3,4,3,3,4
304.0,Female,23.0,1,5,4,4,4,4,4,4,4,4,4,4,3,4,4,4,4,3,3,4,4
305.0,Female,43.0,1,4,4,4,4,4,4,4,4,4,3,3,4,4,5,4,3,3,4,3,3
306.0,Female,18.0,4,4,4,4,4,4,3,4,4,3,4,4,4,4,3,4,4,4,3,4,4
307.0,Male,25.0,1,3,3,3,3,3,4,4,3,4,4,4,4,4,3,4,4,4,4,4,3
308.0,Female,52.0,3,3,4,3,4,3,3,4,4,4,4,5,4,3,3,4,4,2,3,3,3
309.0,Female,34.0,1,2,3,3,3,4,4,5,5,3,4,3,3,4,4,4,3,3,4,3,4
310.0,Female,41.0,4,3,3,4,3,4,3,3,3,3,4,3,3,3,3,3,4,4,4,4,3
311.0,Female,57.0,1,4,4,4,4,3,3,3,3,4,4,4,3,4,4,4,4,3,3,3,3
312.0,Female,29.0,3,4,3,3,4,3,3,4,4,4,4,4,4,4,4,4,4,3,4,3,4
313.0,Female,50.0,4,3,3,3,3,3,3,2,3,4,5,4,4,3,3,3,3,3,3,4,4
314.0,Female,19.0,3,3,3,3,3,3,4,3,4,4,4,5,5,4,3,3,3,4,4,4,4
315.0,Female,26.0,2,4,4,4,4,2,3,3,3,3,3,3,3,3,3,3,3,3,4,3,4
316.0,Male,29.0,1,3,4,4,4,3,3,3,2,3,4,3,3,3,3,3,4,3,3,4,4
317.0,Female,21.0,2,4,3,3,4,3,3,3,3,4,4,4,4,4,3,4,4,4,3,3,3
318.0,Female,52.0,1,3,3,4,3,4,4,5,4,3,4,4,4,4,3,3,4,3,4,4,4
319.0,Female,19.0,4,3,3,3,3,3,3,3,3,3,4,3,3,3,3,3,3,3,3,3,3
320.0,Male,23.0,1,3,4,3,3,4,4,4,4,3,3,4,3,3,4,3,3,3,3,3,3
321.0,Female,24.0,1,3,3,4,2,3,4,3,3,3,3,3,3,3,3,3,3,3,4,3,3
322.0,Male,37.0,4,3,3,3,3,3,4,3,4,3,3,3,3,3,3,3,4,4,3,4,3
323.0,Female,41.0,1,4,4,4,4,5,4,4,4,3,3,4,4,3,4,3,3,3,3,3,3
324.0,Male,30.0,1,4,4,4,3,4,4,4,4,5,4,4,4,4,4,3,3,4,3,3,4
325.0,Male,21.0,1,4,4,3,4,3,4,3,3,5,4,4,3,3,4,4,4,4,3,4,4
326.0,Male,51.0,1,3,3,4,4,2,3,2,3,3,4,3,4,3,3,3,4,3,3,3,3
327.0,Female,32.0,4,3,3,3,3,3,3,3,3,3,3,3,3,3,3,3,3,3,4,3,2
328.0,Male,38.0,4,3,3,3,3,3,4,3,3,3,4,3,4,3,3,4,4,5,4,4,3
329.0,Male,19.0,3,4,4,4,4,3,3,4,3,4,4,4,3,3,4,4,4,3,4,4,4
330.0,Male,23.0,4,4,3,4,3,3,3,4,4,3,3,3,3,4,4,4,4,4,4,4,4
331.0,Male,29.0,3,3,3,3,3,4,4,3,3,4,4,4,3,3,3,4,3,5,4,3,3
332.0,Male,38.0,1,4,4,4,3,3,3,4,3,3,4,3,4,3,3,3,3,3,4,3,3
333.0,Male,53.0,3,3,4,4,4,2,3,3,3,4,4,4,4,4,4,4,4,4,4,3,4
334.0,Female,52.0,1,4,4,4,4,3,4,4,3,3,3,3,4,4,4,4,4,4,4,3,3
335.0,Male,30.0,3,3,3,3,4,3,4,3,3,4,3,3,4,3,3,3,3,3,3,3,3
336.0,Female,48.0,3,4,3,3,4,4,4,4,3,3,3,3,3,4,3,4,4,4,3,4,4
337.0,Male,37.0,1,3,3,2,2,3,3,3,3,3,3,3,4,3,3,3,4,3,3,4,4
338.0,Female,21.0,2,3,3,3,3,3,3,4,4,3,4,3,3,3,3,3,4,4,3,3,4
339.0,Male,20.0,2,3,3,3,3,4,4,4,4,4,4,4,3,3,4,3,3,3,3,3,4
340.0,Female,23.0,2,3,3,3,4,4,4,4,4,4,4,4,4,4,3,4,4,4,4,4,4
341.0,Male,51.0,4,3,3,3,3,3,3,4,3,4,4,3,3,4,3,4,3,4,2,3,2
342.0,Male,53.0,4,4,4,3,4,4,4,3,4,3,3,3,3,4,4,4,4,4,4,3,4
343.0,Female,25.0,4,4,4,4,3,4,4,4,3,4,3,3,3,3,3,3,3,3,4,4,4
344.0,Male,40.0,2,3,3,3,3,5,4,4,3,3,4,4,4,4,4,4,4,3,3,3,3
345.0,Female,30.0,3,3,3,3,4,3,3,3,3,3,2,3,3,4,4,3,3,4,3,3,4
346.0,Female,27.0,2,3,3,4,4,4,4,3,4,4,3,3,3,3,4,3,4,3,4,4,4
347.0,Male,49.0,3,4,4,4,4,3,3,3,3,3,3,3,4,3,3,4,4,4,4,4,3
348.0,Female,46.0,2,3,3,3,3,3,4,3,3,3,3,4,3,3,3,3,3,3,4,3,3
349.0,Male,42.0,1,3,3,3,3,2,3,3,3,3,4,3,4,4,4,4,4,4,3,3,3
350.0,Female,38.0,3,4,4,3,3,5,4,3,4,3,3,3,3,3,3,4,3,3,3,3,4
351.0,Female,31.0,4,3,3,3,4,3,4,4,4,4,4,4,4,3,3,4,4,4,4,4,4
352.0,Male,54.0,3,3,3,2,4,4,4,4,4,4,3,3,4,3,3,4,3,4,4,4,4
353.0,Male,29.0,2,3,3,3,3,3,3,3,4,3,3,4,4,4,4,3,3,4,4,4,4
354.0,Female,57.0,3,4,4,3,4,4,4,4,4,4,4,4,4,4,4,4,3,4,3,3,4
355.0,Female,43.0,1,4,3,4,4,5,4,4,5,3,3,3,4,4,4,4,4,3,4,4,4
356.0,Female,48.0,4,4,4,3,3,4,4,4,4,3,3,3,4,4,4,4,4,4,4,4,3
357.0,Male,55.0,4,3,3,3,3,4,4,3,4,4,4,4,4,4,3,3,3,4,3,3,3
358.0,Male,52.0,3,4,4,4,4,4,3,3,3,3,4,3,3,4,4,4,4,4,4,4,4
359.0,Female,46.0,4,3,4,3,4,4,3,3,3,3,3,3,4,3,4,3,4,4,3,3,3
360.0,Male,40.0,3,4,3,4,4,4,3,4,3,4,4,4,3,3,4,4,4,4,4,3,4
361.0,Female,30.0,2,3,3,4,4,4,4,4,4,3,4,4,3,4,3,4,4,4,3,3,4
362.0,Male,26.0,1,4,4,3,3,4,4,3,3,4,4,3,4,4,3,3,3,3,3,3,3
363.0,Male,53.0,2,3,3,3,3,3,2,3,2,4,3,3,3,3,3,3,3,3,4,3,3
364.0,Male,23.0,2,3,4,3,4,3,3,4,3,4,4,4,4,3,4,4,3,3,3,4,4
365.0,Female,47.0,3,3,3,3,3,3,3,2,4,4,3,3,4,3,4,4,4,4,3,3,4
366.0,Female,21.0,2,4,4,3,3,3,4,3,4,3,4,3,4,4,3,4,3,3,4,3,4
367.0,Female,21.0,4,4,4,5,4,4,4,4,4,3,3,4,3,4,4,3,4,3,4,3,3
368.0,Female,30.0,2,3,3,3,3,3,4,3,3,5,4,4,4,3,4,4,3,3,3,4,4
369.0,Male,20.0,3,3,4,3,3,3,3,3,3,3,3,3,4,3,3,3,3,3,3,3,3
370.0,Female,50.0,4,3,3,3,3,4,4,4,4,3,3,4,4,3,4,3,3,4,3,3,3
371.0,Male,19.0,3,3,3,3,3,4,4,3,4,3,3,3,3,3,3,3,3,3,3,3,3
372.0,Female,33.0,1,4,3,3,3,4,4,4,3,3,4,4,3,4,3,3,3,4,4,3,3
373.0,Female,25.0,3,4,4,4,4,4,3,4,3,5,4,4,4,3,4,4,3,4,4,4,4
374.0,Female,20.0,4,4,4,3,4,3,3,4,4,3,4,4,4,3,3,3,4,4,3,3,3
375.0,Male,32.0,2,3,3,3,4,3,3,3,3,3,3,4,3,3,3,3,3,3,3,3,3
376.0,Male,48.0,3,3,4,3,3,3,2,2,3,3,4,4,4,3,3,3,4,3,2,3,3
377.0,Female,56.0,4,4,4,4,3,3,3,4,3,4,4,4,4,4,4,4,4,3,3,3,3
378.0,Female,51.0,1,4,4,4,3,4,4,3,4,4,4,3,3,4,4,4,4,3,4,3,4
379.0,Female,24.0,1,4,4,4,4,4,5,5,5,4,4,3,4,4,4,4,4,4,4,4,3
380.0,Female,41.0,2,3,3,3,3,3,3,4,4,3,3,3,3,3,3,3,3,3,3,3,3
381.0,Male,43.0,4,4,3,3,4,4,4,4,3,4,4,4,4,4,3,3,3,3,4,3,4
382.0,Male,22.0,2,3,3,3,3,4,3,4,4,3,4,4,4,3,4,4,3,4,3,4,4
383.0,Male,40.0,4,3,3,3,3,4,4,3,3,4,3,4,3,3,3,4,4,3,4,3,3
384.0,Female,52.0,3,3,4,4,4,3,4,4,4,3,3,3,3,4,4,3,4,4,4,4,4
385.0,Male,45.0,4,3,3,3,3,3,4,4,3,4,3,3,3,3,3,3,4,3,3,3,3
386.0,Male,33.0,3,3,4,4,3,3,4,3,4,4,3,4,4,4,4,4,4,3,4,4,4
387.0,Female,43.0,4,3,4,3,3,3,5,4,4,3,3,3,4,3,4,4,4,3,3,3,3
388.0,Female,35.0,3,4,4,4,4,3,3,3,3,5,4,3,3,3,4,4,4,4,4,3,3
389.0,Female,42.0,3,3,3,4,4,3,3,3,4,4,4,4,4,4,4,4,4,4,5,4,4
390.0,Female,39.0,4,3,3,2,4,3,3,4,3,4,4,4,4,3,3,3,3,4,3,3,3
391.0,Male,20.0,2,3,4,4,4,4,3,3,4,3,3,4,3,4,4,4,4,4,4,3,4
392.0,Male,51.0,2,3,4,4,3,4,3,4,4,3,3,2,3,4,3,4,3,3,3,4,3
393.0,Male,27.0,4,4,4,4,3,4,4,4,4,3,3,4,3,4,4,4,4,4,4,3,4
394.0,Male,47.0,1,4,4,4,4,3,3,3,3,4,4,4,4,4,4,5,3,4,3,4,4
395.0,Male,44.0,3,3,4,3,3,3,3,3,2,4,5,4,3,3,3,3,2,4,3,3,3
396.0,Female,31.0,3,3,3,4,3,3,3,3,3,4,5,4,3,3,4,3,3,3,4,3,3
397.0,Female,49.0,1,4,4,4,4,3,4,4,3,3,3,3,3,4,3,4,4,4,4,3,3
398.0,Female,19.0,1,3,3,3,3,3,4,3,3,4,4,4,4,3,3,3,3,4,3,4,3
399.0,Female,53.0,4,2,3,3,3,3,3,3,3,4,4,4,4,3,3,3,3,3,3,4,3
400.0,Male,35.0,4,4,3,4,4,3,3,3,3,4,4,3,3,3,4,3,4,3,4,3,4
401.0,Male,57.0,1,3,4,4,3,4,4,3,4,4,3,3,4,4,4,4,4,3,4,4,3
402.0,Male,55.0,4,3,3,4,4,4,3,4,4,4,4,5,4,4,4,4,4,4,3,4,3
403.0,Female,42.0,2,3,4,3,4,4,3,3,3,3,3,3,3,3,3,3,3,3,3,3,4
404.0,Male,26.0,4,3,4,3,4,2,2,3,3,3,4,3,3,3,3,3,3,3,4,4,3
405.0,Male,22.0,3,3,3,3,4,2,2,2,3,3,4,4,3,4,4,3,4,4,3,3,3
406.0,Male,30.0,2,3,3,3,3,5,4,5,4,3,4,3,3,4,4,4,3,4,3,4,3
407.0,Female,25.0,2,4,4,3,4,4,4,4,3,3,4,3,3,4,3,4,4,4,3,3,3
408.0,Male,26.0,4,3,3,3,3,4,4,4,4,4,4,4,4,4,3,4,4,4,3,4,4
409.0,Female,28.0,3,3,3,3,3,2,3,3,3,4,4,3,3,4,3,3,3,4,4,4,3
410.0,Female,45.0,4,4,4,4,3,3,3,3,3,4,4,4,4,3,3,3,4,4,4,3,4
411.0,Male,47.0,2,3,3,4,3,4,4,4,4,3,3,3,3,3,3,4,3,3,3,3,4
412.0,Male,54.0,1,3,3,4,4,3,3,3,2,3,3,3,3,3,3,3,3,3,4,3,3
413.0,Female,28.0,1,3,4,3,3,4,4,4,4,4,3,3,3,3,3,4,3,4,4,3,4
414.0,Male,48.0,4,3,2,3,3,3,3,3,3,4,4,3,3,3,3,3,3,3,3,3,3
415.0,Male,32.0,4,3,4,3,3,3,3,3,3,4,3,3,4,4,4,3,3,4,4,4,4
416.0,Female,21.0,4,3,3,3,3,3,3,4,3,3,3,3,4,4,3,4,3,3,3,3,4
417.0,Female,50.0,2,4,4,3,3,3,3,3,3,4,3,3,3,3,3,3,3,3,3,4,3
418.0,Male,33.0,1,4,4,3,4,3,3,3,3,4,4,4,4,4,3,4,3,3,4,4,3
419.0,Female,34.0,2,3,4,4,4,4,4,4,3,4,3,3,4,3,3,3,3,3,3,3,3
420.0,Female,31.0,1,4,4,4,5,4,4,4,4,3,3,3,3,4,4,4,3,4,4,4,4
421.0,Female,43.0,1,4,4,3,3,4,4,4,3,4,4,4,3,3,4,3,4,3,4,4,4
422.0,Female,48.0,2,3,3,3,4,4,3,3,3,4,3,3,3,3,3,3,3,3,3,3,4
423.0,Female,54.0,1,3,3,3,3,3,4,4,4,4,3,4,4,3,3,3,3,4,3,4,3
424.0,Male,31.0,3,4,4,4,5,4,4,4,4,3,3,3,3,4,4,4,4,4,4,3,4
425.0,Female,54.0,3,3,3,3,3,3,3,3,4,3,3,3,3,4,4,3,4,3,3,3,3
426.0,Male,23.0,4,3,3,4,3,3,4,3,4,4,4,3,4,4,3,4,4,3,3,3,4
427.0,Female,20.0,3,4,4,4,4,4,3,4,4,3,3,3,3,3,3,4,2,4,3,4,4
428.0,Male,55.0,1,3,4,3,4,4,3,4,4,3,3,3,4,3,3,4,3,4,3,3,4
429.0,Male,30.0,3,3,4,3,4,3,3,3,3,2,3,3,3,4,3,3,3,3,3,3,3
430.0,Male,30.0,3,4,4,4,4,4,4,4,4,3,4,4,3,3,3,4,3,4,3,4,4
431.0,Male,36.0,2,4,3,4,4,3,3,3,3,3,3,3,4,4,4,4,4,4,4,4,4
432.0,Female,47.0,1,4,3,3,4,3,4,4,3,4,4,4,4,3,4,3,3,3,3,4,4
433.0,Male,51.0,4,4,3,4,3,5,4,4,4,4,4,4,4,4,4,4,3,3,4,4,4
434.0,Female,25.0,3,3,3,4,4,3,4,4,4,4,4,3,3,3,4,4,3,3,4,3,3
435.0,Female,44.0,2,3,3,4,3,3,3,3,3,4,4,4,4,4,3,3,3,4,4,4,4
436.0,Male,53.0,3,4,4,4,4,4,4,4,4,4,4,4,4,4,4,4,4,4,3,4,4
437.0,Female,18.0,4,3,3,3,3,3,3,3,3,3,4,4,4,3,3,3,3,3,4,4,4
438.0,Female,25.0,2,4,4,4,5,4,4,4,4,3,3,4,3,4,3,4,3,4,4,3,4
439.0,Male,21.0,3,4,3,4,3,3,3,4,3,3,4,4,4,3,4,4,3,3,2,3,3
440.0,Female,29.0,4,3,3,3,3,4,3,4,3,4,4,4,4,4,4,3,3,4,3,3,4
441.0,Female,39.0,2,3,3,3,3,4,4,4,4,3,3,3,3,3,4,3,3,4,4,4,4
442.0,Female,36.0,3,3,4,3,3,4,4,4,3,4,4,4,4,4,3,4,3,3,4,3,3
443.0,Male,27.0,3,3,3,4,3,4,4,3,4,3,4,3,4,4,4,4,4,3,4,4,4
444.0,Female,47.0,4,3,4,4,4,4,3,4,3,4,4,4,4,4,4,5,4,4,4,3,3
445.0,Female,50.0,3,4,4,4,3,3,3,3,3,4,3,3,3,3,3,3,3,4,3,3,3
446.0,Male,21.0,1,3,4,4,3,3,3,3,3,3,4,4,4,3,3,3,3,3,3,3,4
447.0,Female,49.0,2,3,4,4,4,3,4,3,4,3,4,3,4,4,3,5,4,3,3,4,3
448.0,Female,49.0,1,3,3,3,3,4,4,3,4,4,3,4,4,4,3,4,3,3,3,3,3
449.0,Female,51.0,4,4,4,4,3,3,3,3,3,4,4,3,3,3,4,3,3,3,3,3,3
450.0,Male,40.0,4,4,4,3,3,4,4,4,4,4,3,4,3,3,3,4,3,4,3,3,3
451.0,Female,21.0,3,3,3,3,4,4,3,3,3,2,3,3,3,3,4,3,4,3,3,4,3
452.0,Female,44.0,2,4,3,4,4,3,3,3,3,3,3,3,4,3,3,4,4,3,4,4,3
453.0,Male,36.0,1,4,4,4,5,3,3,4,4,3,4,3,3,4,3,4,3,4,3,3,3
454.0,Male,44.0,3,4,3,3,3,4,3,3,4,3,4,4,4,3,4,3,3,3,3,3,3
455.0,Female,20.0,1,4,3,3,3,4,4,4,3,4,4,5,4,4,4,4,3,4,4,3,4
456.0,Female,20.0,2,5,4,4,3,3,4,3,4,4,3,4,4,3,3,3,3,4,4,3,4
457.0,Female,39.0,4,4,4,4,3,4,4,4,3,3,3,3,4,4,4,3,4,3,4,3,3
458.0,Female,27.0,4,4,3,3,4,4,4,4,4,3,3,3,3,3,3,3,3,2,4,3,3
459.0,Male,42.0,4,3,3,3,2,4,3,4,4,4,3,4,4,3,3,3,3,4,3,4,4
460.0,Male,51.0,4,3,3,4,3,3,4,4,3,4,4,4,4,3,3,4,3,4,3,3,3
461.0,Female,39.0,2,3,3,3,3,2,3,3,3,3,3,3,3,3,3,3,4,3,3,3,3
462.0,Female,55.0,4,3,3,3,3,3,3,4,4,4,4,4,4,4,4,3,4,3,4,3,3
463.0,Male,27.0,4,3,3,3,4,2,3,3,3,4,5,3,3,3,3,4,3,3,3,4,4
464.0,Female,47.0,1,3,3,3,4,3,4,4,5,4,3,4,3,4,3,4,3,3,4,4,3
465.0,Female,30.0,2,3,4,3,3,4,4,4,5,3,3,3,3,3,3,3,3,3,4,3,3
466.0,Male,36.0,4,3,3,4,4,3,3,3,4,3,4,4,3,3,3,3,3,4,3,3,4
467.0,Male,50.0,4,3,3,3,3,4,4,4,4,3,3,3,3,3,4,4,4,4,3,3,3
468.0,Female,55.0,3,4,3,3,4,3,4,4,3,4,4,4,3,4,3,4,3,3,4,3,4
469.0,Male,20.0,4,3,3,3,3,3,4,3,3,3,3,3,3,4,3,3,3,4,3,3,3
470.0,Male,50.0,3,4,3,4,3,4,4,4,3,4,3,3,3,3,4,3,3,4,3,3,3
471.0,Female,29.0,3,3,3,4,3,3,3,3,3,4,3,3,3,3,4,3,4,4,4,3,3
472.0,Female,32.0,1,3,3,3,3,4,4,4,4,4,4,4,4,3,3,4,3,3,3,4,4
473.0,Female,40.0,2,4,3,3,3,3,3,3,3,3,3,3,3,3,3,4,3,4,4,4,4
474.0,Male,36.0,2,3,3,4,4,3,4,4,3,4,3,3,3,3,3,4,3,3,3,4,4
475.0,Female,43.0,2,4,5,4,4,3,3,3,3,3,4,3,4,3,4,3,3,4,4,3,3
476.0,Male,38.0,2,4,4,4,4,5,4,4,5,4,4,4,4,3,4,4,4,4,3,4,3
477.0,Male,57.0,3,4,4,3,3,4,4,3,4,4,4,3,4,4,4,3,4,3,4,4,3
478.0,Male,50.0,3,4,4,4,3,3,3,3,3,4,4,3,3,4,3,3,3,4,3,4,3
479.0,Female,18.0,2,4,4,3,3,4,3,4,4,4,4,4,4,4,3,3,4,3,4,3,4
480.0,Female,25.0,4,4,4,3,3,4,3,4,3,4,3,3,3,3,3,4,3,4,4,3,3
481.0,Female,49.0,1,4,4,4,4,3,3,3,3,3,4,4,3,4,4,4,3,4,4,4,4
482.0,Female,49.0,3,3,3,3,3,3,3,4,3,3,3,3,3,3,3,3,3,3,3,3,3
483.0,Male,54.0,4,3,3,4,3,3,3,3,3,4,4,4,3,4,4,3,4,3,4,3,3
484.0,Male,49.0,4,4,5,4,4,3,4,3,3,4,4,4,4,3,4,4,4,3,3,4,4
485.0,Female,18.0,2,4,4,4,4,4,4,4,3,4,3,4,3,3,3,3,3,4,3,4,3
486.0,Female,43.0,3,3,4,4,4,3,4,4,3,3,4,4,4,3,3,4,3,3,3,3,4
487.0,Male,40.0,3,4,4,4,4,3,3,4,3,3,3,2,4,4,4,4,4,3,4,3,4
488.0,Female,43.0,1,4,4,4,4,4,4,4,3,3,3,3,3,4,4,3,4,4,3,4,3
489.0,Female,50.0,1,3,4,3,3,3,3,3,3,3,4,3,3,3,4,3,4,4,4,4,3
490.0,Male,55.0,3,4,4,3,4,3,3,4,3,4,4,4,4,3,4,4,4,3,4,3,3
491.0,Female,47.0,4,4,4,4,4,3,4,4,4,4,4,4,4,3,4,4,4,4,3,3,4
492.0,Female,37.0,3,4,3,3,3,4,3,4,4,4,3,3,4,4,3,4,4,4,3,3,3
493.0,Female,41.0,1,3,2,3,2,3,3,3,3,3,4,3,3,3,4,3,3,3,3,3,4
494.0,Male,55.0,3,4,4,4,4,3,4,4,3,3,3,3,3,3,3,3,3,3,2,3,3
495.0,Male,24.0,4,4,3,4,3,3,4,4,3,3,3,3,3,3,3,3,3,4,3,3,3
496.0,Female,43.0,3,4,4,3,4,3,3,3,4,4,3,4,4,4,4,3,4,3,3,3,3
497.0,Male,24.0,2,3,3,3,3,3,4,3,3,4,4,3,3,3,4,3,4,4,4,3,4
498.0,Female,21.0,3,5,4,5,4,3,3,3,4,4,3,3,4,3,4,3,4,3,4,3,3
499.0,Female,55.0,1,4,3,3,4,3,4,3,4,3,4,3,4,3,3,3,3,4,3,3,4
500.0,Male,25.0,2,4,4,4,4,4,4,3,4,4,4,3,3,4,4,4,3,3,3,4,4
4.588308559443357,Female,29.546293855964432,3,5,3,5,2,4,5,4,5,4,3,5,3,4,3,3,3,2,4,3,4
1.0011660180200332,Male,25.126244726991125,2,4,4,4,3,4,4,3,4,2,3,3,4,4,4,4,5,5,5,4,4
7.678961352380697,Male,26.175072992468134,4,3,3,3,3,3,3,3,4,4,4,4,2,4,4,3,4,3,3,2,3
15.002507250710686,Female,25.332060128126287,3,4,4,3,3,5,5,4,4,3,3,3,4,5,4,4,5,2,4,4,4
3.3084545635580196,Male,50.616226889879314,2,4,4,4,5,4,4,3,5,4,4,5,3,4,2,3,3,4,4,4,3
4.308573167063017,Female,34.71267538827281,3,4,3,5,3,3,4,3,4,2,3,3,4,4,4,4,3,3,3,3,4
18.40837809576098,Female,45.650584100224805,4,5,4,4,4,5,4,4,4,3,3,3,2,4,4,4,3,4,4,5,3
13.544018809891256,Male,40.490386211214066,1,4,4,4,4,3,3,3,3,4,4,5,4,4,4,5,3,4,3,4,4
5.608474014124363,Female,23.02861985512205,2,3,4,3,4,4,4,4,5,3,3,4,3,4,3,4,3,4,2,4,3
13.919503474199278,Male,49.5098748135084,1,3,4,4,3,3,4,3,3,4,4,4,4,4,3,4,4,3,3,3,4
7.652228120266898,Female,46.1595254631479,1,4,4,4,3,4,4,3,4,4,4,5,4,4,4,4,4,4,4,4,4
8.63552558147904,Female,21.97036770044742,3,4,2,3,3,3,3,2,3,4,4,4,3,3,5,3,4,3,3,3,3
14.747957622828444,Male,38.85905958285675,2,4,4,3,4,4,4,4,4,4,3,4,4,3,4,4,5,3,4,4,4
0.17828818265180146,Male,53.46468530381539,3,4,4,3,3,3,3,3,4,4,3,3,3,3,2,4,3,3,3,3,4
2.539035509215644,Female,50.659798885186056,4,2,3,3,4,3,3,4,3,3,4,4,4,4,4,4,4,4,4,4,5
11.937983361633725,Male,41.44555775144609,2,3,3,3,3,3,3,3,4,3,3,5,4,4,3,3,3,4,3,4,3
9.68321517248084,Male,56.29545952898068,3,4,4,4,5,4,4,5,4,3,3,3,3,4,2,4,5,4,4,3,5
20.270151527791004,Male,18.423401673337356,1,3,3,4,3,4,4,4,4,4,3,4,2,4,5,4,4,4,4,3,4
12.440350868561382,Female,51.058589876530036,3,3,4,3,4,4,5,5,2,3,3,3,3,2,4,3,4,3,3,3,2
9.797388640302428,Female,26.443195983364923,3,3,4,3,4,5,4,4,4,5,4,4,4,3,3,4,3,4,4,3,4
31.58798101639737,Female,30.015322871276982,2,3,3,4,4,4,3,5,5,4,4,4,4,4,4,3,5,4,3,3,3
20.368971315506343,Male,44.32049398677813,3,3,4,4,2,4,4,4,5,3,4,3,3,4,3,4,3,4,4,4,3
23.48782993884219,Female,22.60915993991335,2,4,2,4,4,2,4,3,3,3,3,4,4,4,3,3,3,3,4,3,3
13.707488541149878,Female,25.336560249926897,2,3,4,3,4,4,3,3,3,3,3,4,5,4,4,3,4,4,3,3,3
21.067329311668246,Female,23.549801451310255,4,3,4,3,3,4,4,4,4,4,3,4,4,4,4,4,4,4,4,4,4
26.801314952832712,Male,27.935413620249175,4,4,3,3,3,3,3,4,3,3,3,2,3,4,3,3,3,5,4,4,3
18.685116921491502,Male,42.04001512830177,4,3,3,3,3,4,4,5,3,3,2,3,3,3,3,2,2,4,4,4,3
30.7140769128944,Female,56.02836228431093,2,4,3,4,4,5,4,3,4,3,4,3,5,3,3,5,4,4,4,5,4
24.66093106245806,Male,38.15319396083861,4,4,3,3,4,2,2,4,2,3,3,3,2,4,4,4,3,2,3,2,3
27.892777621144862,Female,54.466600526586234,4,3,3,3,4,4,4,4,3,3,3,3,3,3,3,3,5,4,2,3,3
26.653216293823654,Female,56.37666550827651,2,3,3,5,3,4,3,4,4,4,4,4,4,4,4,3,4,4,4,4,3
45.38102734470165,Female,35.01997386570401,4,3,2,3,2,4,5,4,4,4,3,3,3,3,4,4,4,3,4,3,4
32.90249481162909,Female,53.9610236848209,3,3,3,4,5,3,4,3,5,3,4,3,4,5,5,4,4,4,4,4,4
26.35899932228544,Female,43.285697746434494,4,4,5,4,4,5,5,4,4,2,4,4,3,4,5,5,3,4,3,3,4
40.942139821733065,Male,44.6155228965147,1,4,2,3,3,4,3,3,3,4,3,3,3,3,4,3,5,2,4,3,2
27.18051359645067,Male,42.02795749366851,3,4,3,4,4,2,3,3,3,5,4,4,4,3,3,3,3,4,4,4,3
38.50884975024,Female,56.49249629696055,2,4,3,4,4,4,3,4,3,3,3,2,4,4,4,4,3,3,3,3,4
23.84316344405793,Male,18.773174882451322,2,4,4,3,4,4,4,3,4,3,3,3,4,4,4,4,4,4,4,4,4
29.405062269913387,Male,39.59354880761268,3,3,3,2,3,2,4,4,4,3,3,3,2,3,3,3,3,5,3,2,3
41.422143607967215,Male,44.65972778684147,3,2,3,3,4,3,3,3,4,3,2,4,3,3,2,3,3,3,3,2,3
46.33475024578265,Male,42.492922191339915,3,5,4,4,4,3,4,3,5,4,4,5,4,4,3,4,4,4,4,4,4
43.237980167231434,Male,27.33365701275621,4,3,3,4,3,2,3,4,3,4,4,4,4,3,4,3,3,4,4,4,4
42.164546210203795,Male,28.312498146851826,4,4,4,5,4,3,2,3,3,3,4,4,4,3,2,3,4,3,3,4,3
41.8247993104021,Male,35.850290619239644,4,4,4,5,3,2,3,4,4,3,5,3,3,4,4,3,3,4,4,2,4
34.31902165219623,Female,41.54213243654377,4,3,4,4,3,2,4,4,3,3,3,4,5,3,2,3,3,3,4,3,4
40.799779473185154,Female,56.529961633089734,3,4,3,3,3,2,3,3,4,3,4,2,4,4,4,4,4,3,4,4,4
43.672303306386574,Male,34.34037853580799,4,3,3,3,3,4,5,4,5,3,3,3,4,3,4,4,3,4,3,3,3
55.636747835194804,Female,38.88023630331697,3,3,4,3,3,4,5,3,3,3,3,3,3,4,4,3,3,4,4,3,3
51.482330012472815,Female,55.218915596507024,4,2,2,3,3,4,4,4,4,4,5,4,4,3,3,3,3,4,4,5,4
37.263636355480735,Male,23.643747143864864,3,4,4,3,3,3,2,3,3,3,4,4,3,4,4,4,4,3,3,3,3
53.3412122934444,Female,21.05107386700507,1,5,4,4,4,5,4,5,5,5,4,4,4,5,4,5,4,4,4,4,4
49.21813031794851,Male,33.908175794765405,4,4,4,4,4,3,4,4,3,4,3,3,3,4,3,4,5,4,3,4,4
48.10985343774076,Male,50.68880115598833,1,3,3,3,3,5,4,4,4,3,4,3,4,3,3,4,4,3,3,4,4
58.418805563622826,Male,26.15006684614107,2,3,4,3,3,2,4,4,4,4,2,4,4,2,3,3,3,3,4,4,4
62.44803502965733,Male,51.199130566855615,4,3,3,5,4,3,2,3,3,3,3,5,3,3,3,3,3,3,3,3,4
62.727652921515435,Male,50.75705969486559,3,3,3,3,3,4,3,3,5,3,3,3,3,3,3,3,3,4,3,3,4
50.93741570768863,Female,43.71239177083191,4,2,3,4,3,4,4,3,3,4,2,5,5,4,4,4,4,4,3,4,5
55.76622146112346,Male,39.74486114354344,1,4,4,4,4,3,3,3,3,5,3,2,3,3,3,3,3,3,2,3,3
61.39307738491016,Female,31.232662498057273,1,3,3,3,3,4,3,4,5,3,4,4,4,4,4,4,5,4,4,4,4
67.04742739572644,Female,25.751687745031813,2,3,3,4,3,3,3,5,3,3,5,4,3,4,4,3,4,4,4,3,4
57.53840139504518,Female,41.17091995412475,3,3,4,3,4,4,2,5,3,2,4,4,4,4,4,4,5,4,4,5,5
60.65878253908903,Female,41.22414833741686,3,4,5,4,4,3,2,3,3,3,2,3,3,4,3,3,3,3,4,3,3
55.00773476501363,Male,24.51382164740645,3,4,4,3,3,4,3,4,3,3,3,3,2,3,3,3,4,4,4,4,4
55.358493729180196,Female,40.80769923326496,2,4,5,4,5,3,3,4,4,3,3,4,4,4,4,4,4,3,3,3,3
70.86976099954197,Female,48.70852050681425,4,3,3,3,2,3,3,3,4,4,4,4,4,3,3,3,3,4,3,3,4
75.79760225006179,Female,32.75930201542221,3,4,5,5,3,4,3,3,3,3,3,4,3,4,5,4,4,4,4,4,4
66.47979228281135,Female,21.7978385848098,2,3,4,4,4,4,3,3,3,4,4,4,4,5,3,4,4,5,3,3,4
75.24961361652103,Male,24.40539331858807,1,3,3,3,4,4,4,2,4,4,3,4,4,3,3,3,3,3,3,3,3
71.6124917846908,Male,25.89653756456517,3,3,3,3,3,4,3,2,3,3,2,3,4,4,4,4,3,4,4,3,3
65.3395957749905,Female,20.792664314599076,2,3,4,4,3,3,3,4,3,3,4,3,4,3,3,3,4,4,3,4,3
73.61075497190782,Male,56.01086384291531,1,4,4,4,4,4,4,5,4,3,3,3,3,4,4,2,3,3,4,3,4
83.11091709936017,Female,33.988824881413166,3,4,4,3,4,4,3,3,4,4,4,4,3,4,3,5,4,5,4,4,4
72.74118941042882,Female,19.192833886018867,2,2,3,2,4,4,4,4,4,3,3,3,4,3,3,4,3,3,3,3,3
85.30312915104149,Female,35.87076638486234,2,3,3,3,3,4,4,4,3,4,4,5,4,4,4,4,3,2,3,3,3
56.07472129880608,Male,44.48921416235009,4,4,4,3,4,5,4,5,4,4,3,4,4,4,4,3,3,4,2,4,4
81.93749900943703,Female,44.69579041595612,4,4,5,4,4,3,3,3,3,4,5,2,4,4,3,4,3,3,3,3,4
77.6288359978066,Female,18.138974201883347,3,3,4,3,3,4,4,4,2,3,4,4,4,4,3,3,3,3,3,3,4
75.8399434996794,Male,46.454684871512605,4,4,4,4,4,3,3,4,2,4,2,4,4,4,3,4,4,4,4,4,4
79.6628882585032,Male,48.127875013019086,3,3,3,4,3,3,3,4,3,4,3,4,4,3,5,4,4,4,4,3,3
65.64162002328804,Female,55.674628539855725,3,3,4,3,4,3,3,2,3,3,2,3,3,4,3,3,4,3,3,3,4
79.4130701518815,Female,20.199657731039864,3,4,3,4,3,3,3,3,3,2,4,3,2,2,3,3,3,3,2,2,2
84.5798139418255,Male,35.75504779140358,2,5,3,3,3,3,4,3,3,4,4,3,4,2,4,3,3,4,4,3,4
93.67644201105826,Female,32.373238205288885,1,4,4,4,3,4,4,4,4,3,4,4,4,4,3,3,4,3,3,3,4
80.25596844973762,Male,52.33933883444576,1,4,2,4,4,3,4,3,5,3,4,3,4,4,4,4,4,4,4,5,3
79.15936812363948,Female,30.107271460003,3,4,4,4,3,4,4,4,3,3,3,2,3,3,4,3,2,3,3,3,4
82.37526113693268,Female,32.14640970468476,3,4,4,5,2,4,4,4,4,4,4,4,4,4,4,5,5,4,3,4,4
93.61294878426516,Male,56.72905191044857,1,4,4,3,3,5,3,3,4,3,5,2,4,3,3,3,4,4,4,4,4
90.37492814240723,Male,34.49873028254475,1,4,5,4,3,4,4,4,4,4,3,3,3,4,3,4,4,3,4,4,4
85.17296374160948,Female,21.48976284965474,1,3,4,2,4,3,4,3,4,3,4,4,4,3,3,3,3,3,3,3,3
93.70789097181719,Male,56.49505001980351,3,4,4,4,4,4,5,4,4,4,4,2,4,3,5,4,4,4,4,3,4
91.70129711252153,Male,49.04221242006097,4,4,3,3,3,4,3,3,4,3,3,3,3,3,4,3,3,4,3,4,4
98.99758017668664,Male,22.71825992854299,3,3,4,5,2,2,3,4,3,4,4,5,4,4,3,4,3,4,3,5,4
87.9283041148078,Male,25.282520059607933,3,4,3,3,4,4,3,5,3,3,3,3,2,3,3,3,4,3,4,3,3
91.63293862654288,Male,19.19680628036407,4,3,3,3,2,4,3,4,4,4,3,5,4,3,3,3,4,4,3,4,4
92.16737476960954,Female,44.611979526362255,4,4,3,4,3,4,4,4,4,2,3,3,3,4,3,4,4,4,4,3,4
85.42743390052543,Female,26.699173418878484,4,4,4,3,4,4,3,4,4,3,4,3,3,3,2,4,3,3,3,3,3
99.13920001750287,Male,49.84081775743486,4,3,3,3,3,3,4,3,3,3,4,3,4,3,3,3,3,3,4,4,3
99.88588720891497,Male,23.422688872346555,4,4,3,4,2,4,5,3,4,3,4,4,4,4,3,3,3,3,3,4,4
99.03694007937412,Male,39.73793936284371,2,4,3,4,4,3,3,3,4,4,3,3,4,5,4,4,5,4,5,3,4
98.30532105130838,Male,31.222545819375643,2,3,3,5,4,4,4,4,5,3,3,4,4,4,4,4,3,4,3,4,4
90.77523205711768,Female,48.446499951775436,2,3,4,4,3,3,3,3,2,3,3,3,3,3,5,3,4,4,3,3,4
98.96121964107873,Female,33.45607270212467,1,2,2,3,2,3,3,3,3,4,4,4,3,3,4,3,3,3,3,4,4
100.52419892680068,Female,55.51292581269121,3,3,4,4,3,4,3,3,3,3,3,4,4,3,3,3,2,2,5,3,4
98.20427548773776,Male,22.79960546997888,4,3,4,3,4,3,4,4,4,3,3,3,3,4,2,3,4,3,4,4,4
103.8348572389602,Female,52.243859234197906,3,4,2,4,2,4,3,5,2,4,4,3,4,3,2,3,3,3,2,4,3
108.91890041620223,Male,31.107003753257384,3,4,3,3,4,3,3,4,3,5,4,5,4,4,3,2,3,3,2,4,4
120.62597979740286,Female,50.543590441801896,4,4,5,4,4,4,2,4,3,3,4,4,5,4,3,4,3,4,4,4,3
109.26116611792864,Female,19.265856509879352,4,3,3,3,4,4,3,5,3,3,3,3,2,4,3,3,3,5,4,4,3
110.86056762408695,Female,50.950844850379255,1,4,3,3,3,3,2,3,3,3,3,3,3,3,3,3,3,3,3,3,3
109.46219588240061,Male,57.88242240140156,3,3,5,3,4,3,3,2,3,2,3,3,3,4,3,3,3,3,3,3,3
97.13862090755569,Female,26.385969125005314,1,2,3,4,3,5,4,4,3,4,3,4,4,4,4,3,4,3,3,3,3
111.80846133406574,Male,31.967214100271473,1,3,4,3,5,3,3,3,3,3,3,4,4,2,4,5,3,3,4,3,4
113.43510855601404,Male,19.16513587576047,2,3,3,3,3,4,4,5,2,3,3,3,4,4,4,4,5,4,3,4,4
131.79468674815956,Male,46.33614483191371,3,4,4,4,4,4,2,4,3,4,3,4,2,4,2,4,3,2,5,4,4
113.61036676277014,Female,19.44259519488284,4,4,4,3,5,3,3,3,4,3,4,4,4,3,3,3,3,3,4,4,3
118.17840563433397,Male,37.076219444059795,4,4,3,3,2,5,4,4,4,5,4,3,4,4,4,4,4,3,3,3,4
116.74923899471828,Female,47.064525105716946,3,4,5,3,5,2,3,3,3,4,4,3,4,3,3,4,3,4,4,4,3
109.55736276045108,Female,43.42808406288467,1,3,4,5,4,3,4,3,4,3,4,5,3,3,4,3,2,2,4,3,4
127.25585673851066,Male,22.28371707850212,2,4,4,4,4,2,3,3,3,3,5,3,3,4,4,4,4,4,3,4,3
125.43203313406924,Female,33.13205509811617,1,3,3,4,3,3,3,4,3,3,3,4,3,3,3,3,3,3,4,3,3
126.7144872743409,Male,56.53374885899849,1,3,3,2,3,4,4,4,3,3,3,5,3,2,3,3,3,4,3,3,3
115.43050169175152,Male,51.2780895169306,3,4,3,5,3,2,3,3,2,3,4,3,4,4,3,3,3,3,3,5,3
133.1339146520285,Male,31.110087824887316,3,4,4,2,4,3,3,5,2,3,3,3,3,3,4,3,4,5,3,3,4
113.87289945900021,Female,27.793578625248134,4,3,3,3,2,3,3,5,3,4,3,3,3,3,3,2,3,3,3,4,4
129.23950942425822,Female,49.939720540470205,1,3,4,3,3,4,3,4,3,3,4,4,3,3,3,3,3,4,3,3,3
141.82405217069999,Male,29.69846604050017,1,3,3,2,4,3,3,4,4,4,5,3,3,4,3,2,3,2,4,3,4
119.84427481609198,Male,51.41629438698784,2,3,4,3,3,3,2,4,4,4,4,4,4,4,4,4,3,3,4,5,4
123.90901330673174,Female,21.925806210921152,4,3,4,4,3,3,4,5,4,4,4,5,4,4,4,3,4,3,4,4,4
129.71989059328476,Female,25.032868619292923,2,4,4,4,3,4,4,5,4,3,2,3,3,4,4,4,4,3,4,3,4
126.36284573696122,Male,54.64539472521455,1,4,4,3,3,3,3,3,3,3,4,4,4,3,3,3,3,3,3,3,4
119.79786527366258,Male,53.00172161254132,3,3,3,5,4,3,3,3,4,3,4,3,3,4,2,3,3,3,3,4,4
132.49530521300005,Male,35.90218548715274,1,4,4,3,3,2,3,2,3,4,3,4,4,4,4,3,4,4,3,4,3
125.32582062423003,Female,30.906801083207423,1,4,4,4,3,4,3,3,3,2,4,3,2,3,4,4,4,4,2,3,4
137.42127511816113,Male,48.74820971814604,2,3,4,3,3,3,3,3,3,4,3,4,3,4,3,3,3,3,3,3,3
128.35799507732932,Female,34.40302331526725,3,4,4,3,4,3,2,3,3,5,4,3,2,4,3,3,4,4,4,4,3
147.1968681753556,Female,29.023904180411872,4,4,3,2,4,3,3,4,3,2,3,3,5,3,3,4,4,3,3,4,4
131.34170644008455,Male,19.4855365298236,1,3,5,4,4,3,4,4,5,4,5,4,4,4,4,4,4,4,4,3,4
135.67339809372817,Female,25.043245655342837,1,4,4,4,4,3,4,3,4,3,3,3,3,3,5,4,4,3,3,3,4
144.87692292769464,Female,29.239133235478466,4,4,4,4,4,4,3,3,5,4,3,4,4,3,3,3,3,3,4,3,4
131.1081233836446,Female,40.236114524635305,2,4,2,3,3,3,3,4,3,4,3,4,3,3,4,3,3,3,4,4,4
142.6431914116447,Male,20.80194173499677,2,3,3,4,4,4,3,4,4,4,3,4,4,4,4,3,4,3,3,4,4
151.44291904140675,Male,24.984450775305405,1,3,4,3,3,4,3,3,3,3,3,4,4,3,3,5,3,3,3,2,4
131.38739380633814,Female,22.84688339650493,1,3,4,4,4,5,4,4,4,4,4,4,4,4,3,3,4,4,4,4,4
145.33381191358873,Female,29.113390556580512,2,3,4,5,3,4,3,3,5,3,3,3,4,4,3,4,3,3,3,3,4
146.87741712089405,Female,27.85505162977249,3,3,3,4,3,3,3,3,4,4,4,4,4,4,2,3,4,4,4,3,4
151.6479600707163,Male,30.839137527219368,1,5,4,4,4,4,4,4,3,3,4,3,4,4,3,4,4,4,3,4,3
138.06415471243278,Male,49.40927626976274,1,3,4,4,3,3,4,4,2,4,3,4,4,3,3,4,3,4,4,4,2
138.46090042254798,Male,31.967974874722305,4,4,3,3,4,3,3,3,3,3,3,3,3,4,3,4,3,4,4,4,3
152.7705536999064,Male,26.86378625208605,2,4,3,3,4,3,3,3,3,4,3,3,3,4,3,3,3,2,2,3,2
152.1454444946368,Male,33.41064832611688,3,3,3,5,3,3,4,4,4,3,3,3,3,3,3,3,4,3,3,3,4
152.8095833056626,Male,20.09058285563992,1,3,3,3,2,3,4,4,3,4,4,4,4,3,4,4,4,5,5,3,3
154.50277361336575,Female,56.66448982230948,1,4,4,4,4,5,2,4,4,3,3,3,3,4,4,4,3,3,4,3,4
148.08743909493958,Female,55.8413994811471,4,3,3,3,3,4,4,4,4,4,3,4,4,3,3,3,3,3,3,4,3
155.67782199164827,Male,21.34732999410096,4,3,3,3,3,3,3,3,5,2,3,3,4,3,3,2,4,3,4,3,4
157.1171824038022,Male,32.51786302037646,3,3,4,3,4,3,4,3,3,3,4,4,3,4,3,3,4,3,3,4,4
150.83945989415656,Male,51.03492922793061,2,4,3,3,4,3,4,3,3,3,4,3,3,4,4,4,3,4,3,5,5
170.47852604510058,Female,33.00821601280474,4,3,3,3,3,3,4,3,3,3,5,4,4,4,4,3,3,3,3,3,2
161.42301244195747,Female,20.985770129174558,4,5,4,4,4,3,2,3,2,4,4,3,3,3,4,4,3,4,3,2,4
150.39391436706174,Female,42.11683773597844,1,4,4,3,4,4,2,4,3,3,3,4,4,4,4,2,4,4,3,4,5
164.74300343429297,Male,55.914850876822996,1,4,3,4,4,4,4,4,4,4,4,5,4,3,4,4,3,3,3,3,4
153.95881029600912,Female,25.661632879576803,4,4,3,4,4,4,4,4,4,3,3,5,4,4,4,5,3,3,4,4,4
167.68597130460918,Male,17.67744232142635,3,4,3,4,4,4,4,3,4,3,5,4,4,4,4,4,2,4,4,2,3
171.36980063459453,Male,37.98068090688505,2,3,3,3,3,4,4,4,4,3,3,4,4,5,4,4,3,3,3,4,4
158.07131572621273,Male,33.67946792227857,2,4,4,4,3,2,3,3,3,5,4,3,4,4,3,3,4,3,4,3,3
171.959517439908,Male,41.579537128313525,1,3,4,2,4,4,3,5,3,2,3,5,4,4,3,2,3,4,3,3,5
168.98196724277292,Female,53.062776494239074,1,4,4,3,3,4,3,4,3,3,3,3,4,3,3,4,4,4,3,4,3
172.93863792807792,Male,18.849604983775357,3,2,3,3,4,3,3,4,3,2,3,2,3,2,4,3,3,3,3,4,2
181.70260632576608,Female,36.88711082585193,4,4,4,4,5,3,3,3,3,3,2,3,4,4,3,3,4,4,2,3,4
167.22729376302095,Female,29.436359721165843,2,4,3,3,3,4,3,3,3,4,3,4,3,3,3,4,3,3,4,5,4
164.5549408775054,Female,32.64381120934909,4,3,3,3,3,3,3,3,3,4,4,4,4,4,4,5,3,4,4,4,3
164.57406624670617,Male,22.734987245678678,4,4,4,5,5,4,3,4,3,4,4,5,3,4,5,5,4,5,4,3,4
166.10651174186052,Female,35.7770375690925,3,3,3,2,2,4,3,4,4,3,3,3,3,4,3,4,3,2,4,3,3
172.44301018571522,Male,50.79787015172171,4,4,3,4,3,4,4,4,3,3,3,3,3,3,4,4,4,3,3,3,3
176.46451312869655,Male,39.78091040590608,2,2,3,4,3,4,3,4,3,4,3,4,4,4,4,5,4,4,4,3,4
176.9988396898622,Male,30.169797418354968,2,4,4,3,4,4,4,4,4,4,3,4,3,3,5,3,3,4,3,4,4
181.97564759278563,Male,42.54121487977122,1,3,5,3,3,3,3,3,3,3,4,4,4,3,3,2,3,3,3,4,3
177.09392685839856,Female,25.344941191267907,1,3,4,3,3,4,4,3,4,4,3,3,3,3,4,3,4,4,4,3,4
188.50046337292156,Male,44.03355407371036,3,3,3,2,2,4,3,3,4,3,2,4,3,2,3,3,3,3,5,2,3
177.0880947839603,Male,49.551897806956575,2,2,3,4,3,3,3,4,3,4,4,5,4,4,2,4,4,4,3,4,4
199.65075133139342,Female,48.7500103384787,4,4,5,3,3,2,3,2,4,3,4,4,3,4,3,4,5,4,3,2,4
185.51987825540905,Female,57.42566893967436,4,3,3,4,4,3,2,4,3,3,4,4,3,4,4,3,5,3,4,3,5
175.8078152639018,Male,40.33404340525685,3,3,3,4,3,4,5,3,3,3,4,3,5,5,4,4,4,3,4,4,4
175.2637744591315,Male,23.69061850013409,4,4,4,4,4,3,3,3,3,4,3,5,4,3,3,3,4,4,3,3,3
187.4854249407169,Male,39.28865125998422,4,3,3,3,3,4,4,4,3,3,3,4,2,2,3,3,3,5,3,3,3
183.38568436103395,Female,49.27914370740224,1,3,3,3,4,4,4,4,4,4,4,5,4,4,5,4,4,3,4,4,4
191.1580049991841,Male,55.42055290883863,1,5,4,4,4,3,3,3,2,4,3,4,4,3,4,3,4,3,4,3,3
190.418711966658,Male,32.858247169999004,1,4,4,4,4,4,4,4,3,3,4,3,4,3,5,4,4,4,4,4,4
187.47387726104174,Female,32.77891679106486,3,3,3,3,3,4,5,4,4,3,3,3,3,3,2,5,4,3,3,4,3
182.88268458185243,Female,46.41935054839252,2,3,4,3,4,4,5,2,4,3,3,4,3,4,3,4,3,3,4,3,3
179.0566048306935,Male,57.2620429723675,3,3,3,3,3,3,5,3,4,4,4,4,3,3,3,3,3,3,3,3,3
187.7743350683521,Male,34.78708877242431,4,3,5,3,4,3,3,3,4,4,4,4,5,4,3,3,4,3,4,3,3
198.186703369208,Female,19.683815700674504,3,4,3,3,3,4,4,2,4,4,4,5,4,4,2,3,3,3,3,3,3
194.54663282680474,Female,55.362348768494506,4,2,3,3,4,2,4,4,4,4,3,3,3,3,3,4,3,3,3,3,4
185.00066890507617,Male,57.36330165705284,4,4,4,4,3,4,3,3,3,5,4,4,4,4,4,4,4,2,4,4,3
196.2510748783719,Male,34.34983311143357,3,4,5,4,4,3,4,4,4,4,4,5,4,4,4,3,3,3,4,3,4
198.78356806102926,Male,35.817418033525456,4,3,4,4,4,3,3,4,3,4,4,3,4,3,2,4,4,3,3,3,2
190.61493288560177,Female,26.19236534804024,2,3,2,3,2,3,3,4,4,2,3,3,3,4,3,3,3,4,4,4,4
199.11052425247323,Female,17.262046827074883,1,4,4,5,3,2,2,2,3,3,3,3,4,3,4,4,3,3,4,4,4
199.42050511620772,Female,23.54502539462674,4,4,5,4,4,4,3,3,3,3,4,3,4,2,4,4,3,4,3,3,2
191.7430778285023,Male,47.89093786459982,3,4,4,3,3,3,4,3,3,4,4,4,3,4,4,3,3,2,4,4,4
203.58468867821722,Female,48.69167858231743,1,5,5,4,4,3,4,3,2,4,2,3,3,3,3,4,3,2,4,4,4
206.05115880788082,Male,21.618744533866085,2,3,3,3,5,5,4,5,4,4,4,4,4,4,3,3,2,3,5,4,5
210.82406142978118,Female,41.58455197747311,2,3,4,4,3,3,3,3,2,3,2,2,3,3,4,3,4,3,4,3,4
211.61276259263406,Male,39.16923730809742,1,5,4,4,3,3,4,3,2,3,3,3,4,3,4,4,4,3,4,2,4
195.04759023846145,Female,42.081842400760586,4,3,3,3,4,4,4,4,4,3,3,3,2,4,4,3,3,5,4,4,4
199.22506597086706,Female,43.35744713738282,2,3,3,3,3,3,4,3,3,4,3,4,3,3,4,4,3,3,3,3,4
210.72066196732317,Female,34.24475529542964,1,4,3,3,4,3,3,3,4,4,3,3,3,3,3,3,3,4,4,4,4
211.71163679191224,Male,22.035042668282177,1,3,4,4,2,4,4,4,2,4,4,3,4,3,3,5,3,4,2,4,4
212.72075168402077,Female,43.772000846803415,4,4,3,4,3,3,2,5,4,4,4,4,4,4,3,3,4,3,3,4,4
237.83248534663892,Female,55.00063286286577,4,4,4,3,4,4,3,4,4,4,4,4,4,4,4,4,4,3,4,3,3
215.12416536474038,Male,27.12446592571931,2,4,3,2,3,2,4,3,3,3,3,3,3,4,4,3,3,3,3,3,3
220.20343024608295,Male,55.94295502093869,1,4,3,3,4,5,4,3,3,4,4,4,3,4,4,4,4,4,4,4,4
219.89179616267003,Male,36.67858651949095,4,4,4,3,3,3,4,4,4,3,4,5,3,4,4,4,4,5,4,4,4
218.7057100918851,Female,30.235425278387677,2,3,4,3,3,3,3,3,3,4,4,3,3,3,3,3,2,5,4,2,2
212.722466085949,Female,45.97780165718707,3,3,3,2,2,3,3,3,3,4,3,3,4,4,3,2,4,3,4,4,3
221.48286319956833,Female,49.650768355404374,3,3,3,4,4,4,4,5,4,4,3,5,4,4,4,3,3,4,3,3,4
211.4170398297145,Male,52.06737570221999,1,3,4,3,2,4,4,5,5,3,4,3,3,3,4,4,3,3,3,4,3
216.28920068323197,Female,54.08865355141256,4,3,3,3,3,4,3,3,3,2,2,3,4,4,3,3,4,4,3,2,3
215.49368925254365,Male,40.785528036157366,2,3,3,4,4,4,4,4,4,4,4,4,5,3,4,4,5,4,4,2,4
220.59146628574192,Female,34.966411359845864,1,4,3,3,3,4,4,4,4,5,4,3,4,3,3,4,3,3,4,2,3
237.7213055972569,Male,33.18155289517529,2,3,4,3,4,4,4,3,4,3,4,3,4,3,2,3,3,3,3,4,3
208.5107051355227,Male,30.991279276783626,1,4,3,4,4,3,2,4,3,3,4,4,4,3,4,3,3,3,3,3,4
227.95760650305127,Male,44.204790253488625,1,3,3,4,4,4,3,3,3,3,2,3,4,3,2,3,3,3,4,3,4
212.34959275982396,Female,24.438404719490038,2,3,3,2,4,3,5,3,3,3,3,3,4,4,3,3,3,3,4,3,2
221.59072095445606,Female,51.100782770317345,1,5,4,4,4,2,3,4,3,3,4,3,3,2,3,4,3,4,3,4,3
233.86667890218257,Female,18.891479806957992,3,4,4,5,5,2,3,3,3,4,3,3,4,3,3,4,3,4,4,5,4
227.4643647484637,Female,42.01087301716795,3,3,3,3,3,5,4,4,4,3,4,2,3,4,4,4,3,5,2,4,4
220.2142729614317,Male,47.20501657656329,1,3,3,3,4,4,5,5,4,4,4,4,4,4,4,3,3,3,3,3,4
223.8325804550186,Male,31.68162972873162,3,4,3,4,4,3,4,3,3,4,4,4,4,5,4,3,4,4,2,3,3
234.90947641555442,Female,29.54092701697582,4,4,3,3,4,4,4,3,4,4,3,3,4,3,3,3,3,3,3,3,4
225.7237645228459,Female,39.11551679250354,4,3,4,3,4,5,4,3,3,4,4,4,4,3,4,4,4,2,4,4,4
233.56371668705899,Male,30.422919462171816,3,4,4,4,4,4,5,4,4,4,4,3,4,3,3,4,3,4,4,4,4
233.32921514759565,Male,50.24080261146661,4,4,3,3,3,3,3,3,3,3,3,3,3,2,3,3,3,4,4,5,2
229.29277937728233,Male,32.99575306620231,3,4,3,3,2,3,2,3,3,2,4,4,2,3,3,2,4,4,3,3,3
250.48804856889208,Male,36.60703415128183,4,4,3,4,3,4,4,4,3,4,3,3,4,3,4,4,3,4,4,2,4
240.5794891085502,Female,33.2787555168818,2,3,2,2,3,4,3,3,2,3,4,4,3,4,3,3,3,4,4,4,4
222.37018437315913,Female,57.15101582971066,2,3,3,2,3,4,3,3,3,3,3,3,3,3,3,3,3,4,4,3,3
239.3469630562694,Female,18.579627576021256,4,2,4,4,3,4,3,3,4,3,3,3,2,4,3,3,3,3,2,4,5
234.21919393346042,Male,28.982358575524202,2,4,2,3,3,4,3,3,3,4,4,4,4,4,4,4,4,4,3,3,4
246.15805652619477,Male,39.59831307255342,2,4,4,3,4,3,4,4,3,3,3,3,3,4,4,4,4,4,4,4,4
235.27475756022977,Female,42.91418412715801,3,4,3,3,4,3,3,3,3,4,3,5,4,3,4,4,4,3,4,3,3
241.1711334325792,Female,51.245258064153795,4,4,3,4,4,5,4,4,4,3,4,4,5,3,4,4,4,4,3,3,4
246.64807437958106,Female,33.63145883745803,1,3,5,2,2,3,2,3,4,2,3,4,3,3,3,3,3,3,4,3,3
250.2542948591057,Male,52.01538946875124,2,5,4,4,4,4,3,3,4,4,4,5,4,4,4,4,4,4,4,4,4
236.32894876218688,Male,56.30533448270315,4,3,2,3,2,3,3,3,3,4,5,4,5,3,4,4,3,4,4,3,5
243.58353241912695,Female,54.571929391738585,2,3,2,4,3,5,2,4,3,4,3,3,3,3,3,4,2,2,4,3,3
243.56895154894488,Female,44.11016196214657,2,3,4,3,3,2,3,3,3,5,4,5,4,3,3,3,4,4,4,4,4
243.280289753842,Female,26.554447140351435,3,4,4,4,5,3,4,3,3,3,4,3,4,4,3,4,4,4,3,3,4
261.7538032151924,Male,40.63930412751022,1,5,5,2,4,3,3,3,2,3,3,4,3,3,3,3,3,3,3,2,4
252.92562499185794,Female,44.17029913251474,3,5,4,4,4,4,4,3,2,4,5,4,4,3,2,4,4,4,3,4,4
241.89125876849553,Female,35.45544280217476,3,3,3,4,4,3,2,3,3,3,4,4,3,4,3,3,3,3,2,4,3
258.6307188169239,Female,24.202726305320326,3,4,3,4,3,4,3,4,3,4,4,4,3,3,3,4,3,5,4,4,3
268.3306508382176,Male,29.42439377447408,2,4,3,4,3,4,4,2,3,4,3,3,4,3,4,4,4,3,3,2,3
261.458623655686,Male,32.62147699586134,4,3,3,3,3,2,3,4,3,4,4,4,3,3,4,3,2,3,3,4,4
244.0239321333156,Male,23.44000933599545,1,4,3,3,3,3,3,3,3,4,4,3,4,3,3,4,3,3,3,4,4
252.50184868317857,Male,48.55267653853648,2,3,3,3,4,3,3,4,3,4,4,4,4,5,3,2,3,3,2,3,3
266.1522822394347,Male,25.290977187912553,2,3,3,3,3,4,4,4,4,4,5,3,3,4,4,3,4,5,5,4,5
252.8877309306724,Male,21.109023198633892,4,4,4,4,3,4,3,3,4,4,4,4,3,4,4,2,3,4,4,3,3
262.2061922198306,Female,37.49370875726584,2,4,3,4,3,4,3,3,3,5,4,4,4,5,4,4,4,4,4,4,3
265.5960273881987,Female,40.41306873116491,4,3,3,4,3,3,3,3,3,3,3,3,3,4,3,4,3,4,3,2,4
254.30376933089465,Female,52.66046746806538,2,2,3,3,4,4,4,4,3,4,3,3,2,4,4,4,5,5,5,2,4
261.56998337300115,Female,46.0719659122441,1,4,3,4,3,3,4,3,4,4,4,4,4,2,4,4,4,2,4,4,3
239.5847877107882,Male,54.51003277690448,4,2,4,3,3,4,4,4,4,3,4,4,4,3,2,3,2,3,3,3,4
256.59972980575674,Female,30.943340309680373,4,4,3,3,4,2,2,4,3,2,3,3,3,3,3,3,3,3,4,4,4
263.17542452939455,Male,55.677884017645354,4,4,4,3,3,4,4,4,4,3,4,4,4,4,3,3,5,4,4,5,5
256.98589994863164,Male,33.58524047389285,2,3,3,3,3,4,3,5,3,4,3,3,3,3,3,3,3,3,4,2,3
278.7926888511621,Male,25.97936249109158,4,3,3,3,3,4,3,4,2,2,4,3,2,4,4,4,3,4,5,4,4
257.6685276297448,Female,56.04448386809176,4,3,4,3,5,4,3,4,4,3,3,3,4,3,4,4,3,4,4,3,3
265.82107830312833,Female,49.63019158424389,1,4,4,4,4,3,3,3,3,3,3,3,3,4,3,4,4,4,3,4,4
270.94448191117203,Female,36.069049356815135,4,2,3,3,3,4,3,4,3,3,3,3,4,3,3,4,4,3,3,4,3
281.4118903161917,Male,28.41745833173855,2,4,2,4,3,5,4,4,4,2,3,2,3,3,4,3,3,5,2,3,4
261.62720023976965,Male,31.668236241880322,2,4,4,3,3,4,3,3,3,4,3,4,4,4,3,4,3,5,4,4,3
281.40280153603254,Female,49.37301753128342,1,3,4,4,5,5,4,4,4,3,3,4,4,4,3,3,4,4,3,4,4
274.0739245705468,Female,33.57364867226367,2,3,3,3,3,3,3,3,5,4,3,4,4,3,3,3,3,3,4,4,4
267.9094915609473,Male,39.36676656958706,2,4,4,3,3,4,4,4,3,3,4,4,4,4,4,5,4,5,4,5,4
279.33827784450085,Male,17.07382324345287,4,3,4,3,4,3,3,3,3,3,3,3,3,3,3,3,2,4,3,3,3
278.43802548233475,Female,39.57110753477547,4,3,3,3,3,3,4,4,5,3,4,3,4,4,2,2,4,4,3,3,3
273.66397827649064,Female,22.854004331892025,3,4,4,4,4,5,4,5,4,4,4,3,3,3,5,4,4,4,5,4,4
279.5042566585193,Female,48.956096403865445,1,3,3,3,3,3,3,3,2,4,3,3,3,3,3,2,4,3,3,2,4
277.21645926674915,Female,19.36609541481992,3,3,3,5,3,3,4,4,2,3,3,3,3,4,3,5,3,4,3,4,3
281.8200597046429,Male,46.104814638691344,1,4,4,4,4,5,4,3,4,4,3,3,3,4,3,4,4,4,5,3,4
286.7832926693356,Female,47.21236438876729,2,4,4,3,3,4,4,3,4,4,4,4,4,5,3,2,3,3,3,3,3
294.4575308198773,Female,22.224254788521897,3,4,2,3,3,3,4,3,3,3,3,4,5,4,4,3,3,3,4,3,2
275.0579074050431,Male,47.36014611029709,2,3,4,4,4,4,3,4,3,3,4,3,3,3,3,5,4,4,4,5,4
300.40922856628237,Male,28.330185160660957,4,4,4,3,4,4,3,3,3,3,3,4,4,4,3,4,5,3,4,4,3
271.89793885004696,Male,54.637484542341596,3,2,4,4,4,3,3,4,3,3,3,3,3,5,3,4,2,4,3,3,3
285.9034905641197,Male,20.491878204774906,2,3,4,4,4,3,3,4,5,4,3,3,3,4,5,4,4,5,4,4,3
292.250057412092,Male,41.27084143502754,2,4,4,5,4,3,3,3,4,4,3,3,3,4,4,4,4,3,5,4,4
291.02991100216303,Female,41.958613661957806,4,2,3,4,3,3,4,4,4,3,3,4,3,2,5,3,3,3,3,4,4
285.5015616056284,Male,48.02030366057245,4,3,3,3,3,3,3,2,4,3,5,3,3,3,3,3,2,5,5,3,3
289.496505791429,Female,30.25340475392435,3,4,4,3,4,3,4,4,4,5,4,4,5,4,4,4,4,4,4,3,5
288.43851607020775,Male,18.122501897998983,2,3,2,2,3,4,4,3,3,3,3,4,3,3,4,3,4,3,5,4,4
288.7423749873917,Male,50.160187267079834,4,5,4,3,4,4,4,5,3,4,3,3,3,3,3,4,2,4,3,3,4
300.13760340505667,Female,39.246926353979504,2,4,4,4,3,5,5,4,3,3,3,3,2,4,4,4,4,4,4,4,4
297.5791125869394,Male,22.36235277183177,1,4,3,4,4,3,3,4,2,3,3,3,4,3,3,4,4,3,4,4,4
290.9943575867104,Female,37.62118859899,1,3,4,4,3,3,4,4,3,3,4,3,3,5,4,3,4,3,4,4,4
303.498791938023,Female,44.97666890373103,3,3,3,2,3,3,4,2,3,4,3,3,3,3,4,3,3,2,3,3,3
300.21995989924903,Female,26.401974378241363,2,4,4,4,4,5,3,3,4,3,4,4,3,3,4,2,4,3,3,3,3
304.8721904358766,Male,40.0167032281577,3,3,4,2,4,4,3,4,5,3,3,2,3,4,3,4,4,3,4,2,4
304.5484964522358,Male,28.01755127429624,1,3,3,3,3,4,4,5,3,4,4,4,4,4,4,4,4,4,4,4,3
295.0112640733226,Female,48.55343457603964,3,3,4,3,4,2,2,3,3,4,3,4,4,3,3,3,3,2,3,3,4
297.9532008315229,Female,33.695617686717505,3,4,4,3,4,3,3,3,4,2,4,3,4,3,3,3,3,3,3,3,3
308.3985174842007,Female,31.05669559795887,2,4,5,4,4,2,3,2,3,4,4,4,3,4,3,4,4,3,3,4,4
308.40937073084586,Female,22.727332895666937,1,4,4,5,4,4,4,3,4,4,4,4,3,4,4,4,4,3,2,4,4
304.84900496981436,Female,42.74371801592622,1,4,3,4,5,4,4,4,4,4,3,3,3,4,5,4,2,4,4,2,3
306.84758376871633,Female,17.817638818888963,4,4,4,3,4,4,3,4,3,4,4,4,4,3,3,4,5,4,4,4,4
316.2299682903423,Male,25.13102273421453,1,3,3,3,3,3,4,4,3,4,4,3,4,4,3,4,4,4,5,3,3
303.7264340763944,Female,51.71761631313216,3,3,4,3,4,3,3,4,4,4,4,5,4,3,3,4,4,2,3,3,3
312.952281616701,Female,34.74069152056084,2,2,3,3,3,4,5,5,5,4,5,3,3,4,4,4,2,4,4,3,4
308.5393417502064,Female,40.47232744520107,4,4,3,3,3,4,4,3,3,3,4,3,3,2,3,3,3,4,4,4,3
309.4274510399294,Female,56.88977617592718,2,4,4,4,4,4,3,3,2,4,5,3,3,3,4,4,4,3,4,3,3
319.9376646689081,Female,28.740630318612087,3,5,2,3,3,3,4,4,4,4,4,4,4,4,4,4,4,3,4,3,4
318.96288334492306,Female,50.85348120351822,4,3,3,3,3,3,2,2,3,5,5,4,4,3,3,3,3,3,3,3,4
319.87686815919,Female,19.115935294539266,3,4,3,3,3,3,4,3,4,5,4,4,5,4,4,3,3,4,5,4,4
324.4308985348719,Female,26.60862016545797,2,3,4,4,4,2,3,4,3,3,3,3,3,3,2,3,3,3,4,4,4
316.1517336767135,Male,28.12376141419407,1,3,4,4,5,3,3,3,3,2,4,3,3,3,3,3,4,3,3,4,4
321.92649075771396,Female,21.157516147812967,2,4,3,3,4,3,3,3,3,4,4,4,3,4,3,4,4,4,3,3,3
315.75860451801975,Female,52.524737226702456,1,3,2,4,4,4,4,4,4,3,4,4,4,4,3,3,5,3,3,4,3
321.3418074364624,Female,19.04853414758888,4,3,2,4,3,3,3,3,3,3,4,3,3,3,3,3,3,2,3,3,3
319.0598346491466,Male,23.62845982835596,1,2,4,3,3,4,4,4,4,3,3,5,3,3,5,3,3,3,3,4,3
321.70070773966245,Female,23.69488409343939,1,4,3,4,2,3,4,3,3,3,3,3,3,3,3,3,2,3,4,3,4
326.2994688909938,Male,37.831285372382965,4,3,2,3,3,3,4,2,4,3,3,4,3,3,3,4,4,4,3,4,3
317.08909880388717,Female,42.3559753459457,1,4,4,4,4,5,4,4,4,3,3,4,5,3,4,3,2,3,2,3,2
339.1155974225738,Male,29.78598436465726,1,4,4,3,3,5,4,4,4,5,4,3,5,4,4,3,2,4,3,3,4
317.732438246223,Male,20.737226095680548,1,4,4,3,4,3,5,3,3,5,4,4,3,3,4,4,4,4,3,4,4
317.2285901949197,Male,51.85726004945759,2,3,3,5,4,2,4,3,3,3,4,3,4,3,3,3,4,3,2,4,3
335.3662990775919,Female,32.93169021486754,4,3,2,2,2,3,4,3,4,3,3,3,3,3,3,3,3,3,4,3,2
333.7190438478908,Male,37.69159777072498,4,3,3,3,3,3,4,3,3,3,4,3,4,3,3,5,4,5,4,4,3
333.5086987517262,Male,18.752158236670194,2,4,4,3,4,3,3,4,3,4,4,4,3,3,4,4,4,3,5,4,4
334.53922553950224,Male,22.833792990408703,4,4,3,4,3,3,3,4,4,3,3,2,3,4,4,4,4,4,4,4,4
330.91152819067923,Male,28.206993242511984,3,3,3,4,3,4,4,2,3,5,4,5,3,3,3,4,3,5,4,2,3
325.5181521974314,Male,37.45814502254824,1,4,3,4,3,3,3,3,3,3,4,3,4,3,3,3,4,3,4,4,3
333.5476190749999,Male,52.40772054681953,4,3,4,4,4,2,2,3,3,4,4,4,4,4,4,4,4,4,4,4,4
329.1081217420208,Female,51.54712452967717,1,4,4,4,4,3,4,4,3,3,3,3,4,5,4,4,4,5,4,3,3
342.044354312622,Male,29.97954156746218,3,3,3,3,5,3,4,3,3,4,3,3,4,3,3,3,4,3,3,4,2
334.9376439999254,Female,48.13814853286182,3,4,3,3,4,4,4,4,3,2,3,3,3,4,3,4,5,4,3,4,4
331.03653260312865,Male,37.914542676133294,1,3,3,2,2,3,3,3,3,3,3,3,4,3,3,3,5,3,3,4,4
335.6782792286145,Female,20.411133772367513,2,3,3,3,3,2,4,4,4,3,4,3,3,3,2,3,4,5,2,4,5
341.98305466606485,Male,20.580589844797075,2,3,3,3,2,4,5,4,4,4,4,3,3,3,5,4,3,3,3,3,4
335.92760217172804,Female,22.87378144594751,2,3,3,3,4,4,3,4,3,4,4,4,4,4,3,3,4,4,5,4,4
335.06020451546664,Male,50.97082447015872,4,3,3,3,3,3,3,4,3,4,4,3,3,3,3,4,3,4,2,3,2
343.76041874692373,Male,53.3980335557023,4,4,4,3,4,4,4,3,4,3,3,3,3,4,4,4,4,4,4,3,5
344.769660958034,Female,24.337776926281514,4,4,4,4,3,4,4,3,4,4,3,2,3,3,2,3,3,3,4,4,4
340.3377960456575,Male,40.2255594463049,2,3,2,3,3,5,4,4,2,4,4,4,4,4,4,4,4,3,3,3,3
341.5971761150166,Female,30.098179683691153,3,3,3,3,4,4,3,3,3,3,2,3,3,3,4,3,3,5,3,4,4
347.67635001215655,Female,27.290466013354077,2,2,3,4,4,4,4,3,4,5,2,2,3,2,4,3,4,3,4,4,4
336.5389060168913,Male,49.17056238722847,3,4,4,4,4,3,4,3,3,3,3,3,4,3,3,3,4,3,4,4,3
337.8323527161755,Female,47.44822705382643,2,4,3,3,4,3,4,3,3,3,3,4,3,3,2,3,3,3,4,3,3
343.80989310859354,Male,41.62383731280482,1,3,3,3,3,2,3,3,2,3,4,3,4,4,4,4,4,4,3,3,3
348.45803821607814,Female,37.68679830899981,3,4,4,3,3,5,5,3,4,3,3,4,2,3,3,3,3,3,3,3,4
353.24602474495185,Female,30.632448614312082,4,2,3,4,4,4,4,4,4,4,4,4,4,3,2,4,4,4,4,4,4
362.65810851052663,Male,53.67235900056657,3,2,3,2,4,4,4,3,4,4,3,3,4,3,2,4,3,5,4,4,4
359.195811712567,Male,28.62404544091318,2,3,3,3,3,3,3,3,4,3,3,4,4,4,3,3,3,4,4,3,5
352.84458940303324,Female,57.70132603334568,3,4,4,3,3,4,4,4,4,4,4,3,4,4,4,5,3,5,4,2,4
354.8626251714961,Female,43.83786607126937,1,4,3,4,3,5,4,4,4,3,3,2,4,5,4,4,4,4,4,4,5
348.7576359996696,Female,47.663352675282646,4,3,4,3,3,4,4,5,5,3,3,3,4,4,4,4,4,4,4,4,2
356.8662594090768,Male,54.50904582304285,4,3,3,3,3,4,5,4,3,4,5,5,4,4,2,4,2,3,3,3,3
355.9147035402251,Male,52.27805837309088,3,4,4,4,4,4,2,3,3,3,4,3,3,4,4,4,4,4,4,4,4
361.3313484532949,Female,45.674278374576595,3,3,4,3,4,4,4,3,3,3,4,3,4,3,4,3,4,4,3,2,3
354.024007857658,Male,40.37332665233112,3,4,3,4,5,4,4,3,3,4,3,4,3,3,4,4,4,5,4,4,4
364.7518068109618,Female,30.119691521156227,2,3,3,4,4,4,4,4,4,2,4,4,3,3,2,4,4,5,3,3,4
373.07264636527213,Male,25.105957924110715,1,4,5,3,3,4,4,3,3,4,4,2,4,4,2,3,3,3,3,4,2
362.2143067209417,Male,53.9127759421643,2,3,3,3,4,3,3,3,2,4,3,2,3,3,3,3,3,3,4,3,3
366.9020022926622,Male,24.05927523452761,2,3,4,3,4,3,3,4,3,4,4,5,4,3,5,4,2,3,3,4,5
369.9856634398122,Female,46.63855451094848,3,3,3,2,3,3,4,2,5,4,3,3,4,4,4,4,4,4,3,3,4
363.10154654389464,Female,20.771319245747943,2,5,5,3,3,3,4,3,4,3,4,3,5,4,3,4,3,3,4,3,3
368.61886462407494,Female,21.16861400603166,4,4,4,4,4,4,4,4,4,3,3,5,3,5,4,3,4,3,4,3,3
368.09096865719516,Female,30.19727501486345,2,2,3,3,3,4,4,3,3,5,4,4,4,2,4,5,3,3,3,5,4
369.70562108679815,Male,20.38843382783412,3,3,3,3,3,2,3,3,3,2,3,3,4,3,3,3,3,3,3,3,3
364.41570648404837,Female,51.18569316616084,4,3,3,3,3,4,4,3,4,2,3,4,5,3,4,3,3,4,4,3,4
371.17706374491974,Male,18.89562996482957,3,3,3,3,2,4,4,3,4,3,3,2,2,3,3,3,3,3,2,3,3
375.5975852917237,Female,32.52913468795809,1,5,2,3,3,4,4,4,3,3,5,4,3,4,3,3,3,4,5,3,3
383.4831944031897,Female,24.18642638046438,4,5,4,4,4,4,2,4,3,5,4,3,4,3,4,5,3,4,4,4,4
380.9298603536831,Female,19.56887036289717,4,4,4,3,4,3,4,4,4,4,4,4,5,3,3,3,4,3,3,3,3
390.55478738725867,Male,31.98046048320229,2,4,3,3,4,4,2,3,3,3,3,4,3,3,3,3,4,3,2,3,3
370.45661088719385,Male,49.058496761906156,3,4,4,3,3,3,2,2,3,3,4,4,4,3,3,3,3,3,3,3,3
383.30172421773756,Female,55.69469366516729,4,4,5,4,3,3,4,4,3,4,3,4,4,4,5,4,5,3,3,3,3
379.3244794506219,Female,51.131998430911025,1,4,3,4,4,4,4,3,4,3,5,3,2,4,4,4,4,2,4,3,4
394.8193370596015,Female,23.990313167010367,1,4,5,4,4,4,5,5,5,3,4,3,5,4,4,4,4,4,4,5,3
374.16077911543283,Female,41.700958412870584,2,3,4,4,3,3,3,3,4,3,2,4,3,3,3,3,3,3,3,3,3
374.9337724613201,Male,44.490478431885,3,5,3,3,3,4,4,4,3,5,4,4,4,5,2,3,3,3,4,2,4
377.6699326019294,Male,21.686873915543885,2,3,3,3,3,4,4,4,4,3,4,4,4,3,4,4,3,5,3,4,4
367.65678265718014,Male,39.71131047062526,4,3,3,3,3,4,5,3,2,4,3,4,2,2,3,4,4,3,4,3,2
380.20189754402924,Female,52.61588479800822,3,3,4,3,4,3,4,4,3,2,4,3,3,4,5,3,4,5,5,4,4
379.51595608723363,Male,45.40220488200138,4,3,4,3,3,3,4,4,3,5,3,3,3,4,3,3,4,3,2,4,3
387.0864584953501,Male,34.089256448186184,3,3,4,5,3,4,4,2,4,4,3,3,4,4,4,4,4,3,5,4,4
389.468876486985,Female,43.34442249309346,4,3,4,3,3,3,4,4,4,2,4,3,4,3,4,4,4,4,3,3,2
401.5536300717893,Female,34.788076203945245,3,4,4,4,4,2,3,4,3,5,4,2,3,3,4,4,4,4,4,2,3
395.8659489023758,Female,42.3483901179238,4,3,3,4,4,3,4,3,3,4,4,4,4,4,3,4,4,4,4,4,4
385.83239512496687,Female,39.65395447748912,4,3,3,2,4,3,3,4,3,4,4,5,4,3,3,3,2,4,3,4,3
384.5097700848965,Male,20.483950810199385,2,3,4,4,5,4,3,3,4,3,3,4,3,4,4,4,4,4,4,3,4
395.55366917364876,Male,51.29920903094961,2,3,4,5,2,4,3,4,4,4,2,2,4,4,3,5,3,3,3,3,3
383.4625143284242,Male,27.629164279341826,4,4,4,3,3,3,5,4,4,3,3,4,3,4,4,5,4,4,4,3,4
407.2306259564827,Male,47.68969389138096,1,3,4,4,4,3,2,3,3,4,4,4,4,4,4,5,3,4,3,4,4
403.52038351409607,Male,44.81524861705202,4,3,4,3,3,3,3,3,3,4,5,4,3,3,3,3,2,4,3,3,3
392.61063209468955,Female,31.38263314289801,3,3,3,4,3,3,3,3,3,4,5,3,2,3,4,3,2,3,5,3,3
384.6241591729404,Female,48.90142756025453,1,4,4,3,4,2,4,4,3,3,3,4,3,4,3,5,4,5,4,3,3
407.78049809766907,Female,19.086537171731297,2,3,3,3,3,3,4,2,3,4,4,4,3,3,3,3,2,4,3,5,4
398.17255366164693,Female,53.711643720284634,4,2,3,4,3,4,3,3,3,5,4,4,4,3,3,3,3,3,3,4,3
408.94209846920256,Male,34.518141053010936,3,4,3,3,4,4,4,3,3,4,3,3,3,3,4,3,5,3,4,3,4
389.48170848207,Male,57.21745718629447,2,3,4,4,3,4,4,2,4,4,3,3,4,4,4,4,4,3,4,4,3
397.67005990841386,Male,54.76799418528396,3,2,3,4,4,4,3,4,4,4,4,5,4,4,3,4,4,4,3,4,3
403.0378809672884,Female,42.01695476229361,2,2,3,2,5,4,3,3,3,2,3,3,3,4,3,3,3,3,3,3,4
404.33939211458295,Male,26.754078307717553,4,3,4,3,4,2,2,2,3,3,4,3,3,3,3,4,2,3,4,4,4
401.7486857907543,Male,22.112717315398143,3,3,3,4,4,2,2,2,3,3,4,4,2,5,4,3,4,4,3,3,3
410.49952498824956,Male,30.02738999775746,2,3,3,3,4,5,4,5,4,2,4,3,3,4,4,4,3,5,3,3,4
399.2874121831122,Female,24.1979064307997,2,4,3,3,4,4,4,4,3,3,4,3,4,5,4,4,4,4,3,3,2
406.97143755277796,Male,26.440168020914253,4,3,3,2,3,4,4,5,4,4,4,4,4,4,3,4,4,4,2,4,4
409.86902666718595,Female,28.38073050164019,3,3,3,3,3,2,4,3,4,4,4,4,2,4,2,3,3,4,4,5,3
413.716353279592,Female,46.27596783940332,3,3,4,4,3,3,3,3,4,5,3,4,4,4,4,3,5,4,4,3,3
416.14077109056296,Male,46.8184609860145,2,3,3,4,3,4,4,4,4,3,3,3,3,3,3,4,3,4,3,3,4
403.8754824681614,Male,54.12926298834869,1,3,3,4,5,3,3,3,2,3,3,3,3,3,3,3,3,4,4,3,3
401.9174186468379,Female,28.14709574265976,1,3,4,2,3,4,4,4,4,4,3,3,3,3,3,4,3,4,3,3,4
423.23005444565445,Male,48.930440429162196,4,3,2,2,3,3,4,3,3,4,4,3,2,3,3,3,3,3,2,2,3
417.4006668752649,Male,31.943791161875392,4,3,5,3,3,3,3,3,4,4,3,3,4,4,4,2,3,4,4,4,4
410.5928646698069,Female,21.164577240742226,4,3,3,3,3,3,2,4,3,3,3,3,4,3,3,5,4,3,3,3,4
428.2056640162598,Female,50.35855989945494,2,4,5,4,3,2,3,3,3,4,2,3,3,3,3,3,3,3,3,4,3
418.83564415837003,Male,33.11006897945099,1,4,4,3,4,3,3,3,3,4,4,4,4,4,3,5,2,4,3,4,3
427.5193509265841,Female,33.73667690242014,3,3,4,5,4,4,4,4,4,4,4,3,4,3,3,4,4,3,3,3,3
420.4877596969922,Female,31.11448147378125,1,4,3,4,5,4,4,3,4,3,3,3,4,5,4,4,3,4,4,4,4
435.88703185299,Female,43.63326781142543,2,4,3,3,3,4,5,4,3,4,4,4,3,4,4,3,4,3,4,4,4
434.6807431024359,Female,47.39452321791185,2,2,2,2,4,4,3,3,3,4,3,4,2,3,3,3,3,3,4,3,4
421.20146017671095,Female,54.07843044371959,1,3,3,3,3,3,4,4,4,4,3,4,3,3,2,3,3,4,3,4,3
431.0187175829016,Male,30.587042786069034,3,4,4,4,5,4,3,4,4,2,2,4,3,4,4,4,3,4,4,3,4
429.6622550010225,Female,54.70488280860679,4,3,3,3,3,3,3,4,4,3,4,2,3,5,3,3,4,3,3,3,3
435.8871197908197,Male,22.101567890749987,3,3,2,4,2,3,4,3,4,4,4,3,4,4,4,4,4,3,3,2,4
420.0293044967273,Female,19.67032717221173,3,4,5,4,4,3,4,3,3,3,3,3,3,3,2,4,2,3,3,4,4
432.9560986156868,Male,55.222493549205296,2,3,5,3,4,4,3,4,4,2,3,2,4,3,3,4,3,4,3,3,4
436.6461554853279,Male,30.923404114918025,3,3,5,3,4,2,2,3,3,2,3,3,3,4,3,3,3,3,4,3,3
417.294704782007,Male,29.96121805829999,2,4,4,4,3,4,4,4,5,3,4,3,3,2,3,4,3,4,4,4,4
422.4520320725856,Male,35.6725227348955,2,3,3,4,4,3,4,3,4,2,3,3,4,4,4,3,4,4,3,4,3
417.26839987588716,Female,48.10957618426217,1,4,3,3,4,3,4,4,3,4,4,4,4,3,3,2,3,3,3,4,3
431.0537803399613,Male,50.14590771579737,4,5,2,3,3,5,4,4,4,4,4,4,5,4,4,5,2,3,4,5,4
439.18359101029426,Female,23.703062725110478,3,3,3,4,3,3,4,5,4,4,4,3,3,3,4,4,3,3,4,2,3
445.8531650179381,Female,44.25953683636613,2,3,3,4,2,3,3,2,3,3,4,4,4,4,3,2,3,5,3,4,4
436.5352674836796,Male,52.703869804600885,3,4,4,4,3,4,4,4,5,4,3,4,4,4,4,4,4,4,3,4,3
448.76526794492975,Female,17.3976390218111,4,3,3,3,3,3,3,3,4,3,4,4,4,3,2,2,3,2,4,4,4
428.0300205955662,Female,25.417814895236607,2,3,5,4,5,4,3,4,4,3,3,4,3,4,3,4,3,4,4,3,4
426.69460916285715,Male,21.143802699998403,2,4,3,4,3,3,3,4,2,3,4,4,4,4,4,4,3,2,3,3,3
439.5987183328686,Female,28.66728551013403,4,3,3,3,4,4,3,4,3,4,4,4,4,4,4,3,2,4,3,3,4
443.77452399828076,Female,38.24482899782857,2,3,3,4,3,4,4,4,4,2,4,3,3,3,4,3,3,3,4,4,4
441.7638101436739,Female,36.5146076789497,4,3,4,3,3,4,4,4,3,4,3,4,4,4,3,3,3,3,4,3,3
428.0646088122259,Male,27.383512761247886,3,3,3,4,3,4,4,4,4,3,4,2,4,4,4,4,3,3,4,4,4
443.3561886677418,Female,46.94150239855519,4,3,4,4,4,4,3,5,4,3,4,4,5,4,4,5,4,4,3,3,3
435.5763927888551,Female,51.08921496512848,3,4,4,3,3,2,3,3,3,4,3,3,4,3,2,3,3,4,3,3,3
450.83777586046904,Male,20.368824330968636,1,3,4,4,4,3,2,3,4,2,4,4,4,3,2,3,4,3,3,3,4
449.6483393242803,Female,48.10018869468782,2,3,4,4,5,3,4,3,4,3,4,3,4,4,3,5,4,3,3,4,3
441.2102222944914,Female,48.59188696759525,1,3,3,2,3,4,4,4,4,4,3,4,4,4,3,5,3,4,3,3,3
445.2877782992176,Female,50.9731116774324,4,4,4,4,3,3,3,3,3,3,4,4,3,3,5,3,4,3,2,3,3
442.34814445324184,Male,40.143530629125095,4,4,3,3,2,4,4,4,4,4,3,4,3,3,2,4,3,4,2,4,3
450.54720045748644,Female,20.857710029145906,2,3,3,3,3,4,2,3,2,2,3,3,3,2,3,3,4,3,3,4,3
458.9000356510149,Female,44.207655325469126,2,4,3,4,3,3,3,3,3,3,3,3,4,3,4,4,4,3,4,4,2
445.87902471091434,Male,35.26179564625092,1,4,4,4,5,3,3,4,4,4,3,3,3,4,3,4,3,4,3,3,3
457.64127821811707,Male,44.85158589167505,2,4,3,4,3,4,2,3,4,3,4,4,3,3,4,2,3,3,3,3,4
451.1693703729178,Female,19.95154418919385,1,4,3,3,3,4,4,3,2,4,3,5,4,4,4,4,2,4,5,2,4
450.2722140021391,Female,20.659022505693397,2,5,5,4,3,4,3,4,4,4,3,4,4,3,3,2,3,4,4,2,4
456.22680287159733,Female,39.202152115982955,4,4,4,4,3,4,4,4,4,3,3,2,4,4,4,3,4,4,3,3,4
450.5213145948925,Female,27.26940998297863,4,4,2,4,4,4,3,4,4,3,3,3,3,3,3,3,3,2,4,4,3
455.0003866826355,Male,42.33606986624753,4,3,3,2,2,4,3,4,4,3,3,4,5,3,3,2,2,5,3,4,4
451.3464203323247,Male,51.26407510768532,4,2,4,4,3,4,4,4,3,4,4,4,4,3,3,4,3,4,3,3,3
475.19335440445553,Female,39.37910171299218,2,3,3,3,4,2,3,3,3,4,3,4,2,3,3,3,4,3,3,3,3
462.2547471309392,Female,55.78398344117289,4,3,3,3,3,3,3,3,4,4,5,4,4,5,4,3,4,3,5,2,3
457.9451188085356,Male,27.11591547199668,4,3,3,3,4,2,3,3,3,4,5,3,3,3,3,5,2,3,3,4,4
465.54581048392066,Female,47.41819670284446,1,3,3,2,4,3,4,4,4,4,4,4,3,4,3,5,3,3,4,4,3
464.1885318754707,Female,29.947070560519997,2,2,4,2,3,5,5,4,5,4,3,3,4,4,3,3,2,3,4,4,2
464.40369536367143,Male,36.849434526636244,4,3,3,4,4,3,3,3,3,3,4,4,3,3,3,3,3,4,3,3,4
471.4367965223674,Male,49.6010387427104,3,3,3,3,3,4,3,4,4,3,3,3,3,3,4,4,3,5,3,3,4
473.4723051141762,Female,56.06226143797066,3,4,4,4,4,3,4,3,3,4,4,4,3,4,2,5,3,3,4,3,4
465.1676110953852,Male,19.9763133518367,4,3,3,3,3,4,4,3,3,3,3,3,3,4,3,3,3,4,3,3,3
465.8402362625206,Male,49.156075798169496,3,4,2,4,3,4,4,4,3,4,4,4,3,3,4,3,3,3,3,3,3
469.0130013344791,Female,29.075560733440575,3,2,3,4,3,3,3,3,3,4,3,2,3,3,3,3,3,4,5,3,3
455.3707105615778,Female,31.598290482138673,1,3,3,3,2,4,3,3,4,4,4,4,4,2,3,4,3,3,3,4,4
462.0541209169931,Female,40.4958427324141,2,4,3,3,3,4,3,3,4,3,2,2,3,3,3,4,3,4,4,4,4
483.87442496619,Male,35.61505818069318,2,3,3,4,4,3,4,4,3,4,3,3,3,3,2,4,4,3,4,4,4
486.8833975045425,Female,42.73682446864755,2,4,5,4,5,3,3,3,3,3,4,4,4,3,4,3,3,4,3,3,3
474.20094082898055,Male,36.88547882135437,2,5,3,4,4,5,4,4,5,4,4,3,4,4,5,4,4,4,3,4,3
481.1651003358724,Male,56.73321296345589,3,4,4,3,3,4,3,3,4,3,4,3,4,4,4,3,4,3,4,5,3
480.24849963888863,Male,48.570306106787406,3,4,4,4,3,3,3,3,3,4,4,2,3,3,3,3,3,4,3,4,3
501.2421171039915,Female,17.06575539083082,2,4,4,3,3,4,3,4,4,4,4,4,4,4,3,3,4,3,4,3,4
488.08791175625686,Female,25.448520756893803,4,4,4,3,3,5,3,4,2,3,3,4,4,3,3,5,3,4,4,3,3
480.07591159697955,Female,49.46349406745056,1,4,4,4,5,3,3,2,3,3,4,4,3,3,4,5,3,4,4,4,4
475.0970882929055,Female,49.25095064396257,3,3,3,2,3,4,3,4,3,3,3,3,3,3,3,3,3,3,3,3,3
471.3948845702889,Male,53.42964161972667,4,4,3,4,3,3,3,3,3,4,3,4,3,4,4,4,4,3,4,3,3
485.46983995058685,Male,48.97185807322845,4,4,5,4,4,3,3,2,3,4,3,4,4,3,4,4,4,3,3,4,4
479.53605290529407,Female,17.9978750888787,3,4,4,4,3,4,4,4,3,4,3,5,3,3,3,3,3,4,3,4,3
475.72550886881214,Female,42.31675355944599,3,3,3,4,3,2,4,4,2,2,4,4,4,4,3,4,4,3,3,3,4
482.32909823332744,Male,40.88676005751986,3,4,4,3,4,3,3,4,3,3,3,2,4,4,4,4,4,2,4,3,5
480.1867981105611,Female,43.51750080756519,1,5,4,4,4,4,4,4,2,3,2,3,3,3,4,4,4,4,3,4,3
501.18806577872414,Female,49.86966713793364,1,3,4,4,3,4,3,3,3,3,4,3,3,3,4,4,4,4,4,4,3
496.3690463962595,Male,55.015858264643,3,4,5,3,4,2,3,4,3,4,4,4,5,3,4,4,4,2,4,3,3
490.94240490852866,Female,47.12291190600955,4,4,4,4,4,4,4,4,4,3,4,4,4,3,4,4,4,4,3,3,4
502.69125207905444,Female,35.795709076406396,3,5,3,3,3,4,3,4,4,4,3,3,5,4,3,4,5,4,3,3,3
493.5589157443543,Female,40.854205615581755,1,3,2,3,2,3,3,3,4,3,4,3,3,3,5,3,3,3,3,3,4
487.7780040028985,Male,54.59774040567206,3,4,4,4,4,3,4,4,3,3,3,2,3,3,4,3,3,3,2,3,3
506.00318791084936,Male,23.409207382672022,3,4,4,4,2,2,5,4,3,3,3,3,3,3,3,3,3,4,3,4,3
499.89313554043207,Female,42.834196625341804,3,4,4,3,4,3,3,3,4,4,3,5,4,3,4,3,4,3,3,3,4
489.50683872956773,Male,25.06034216353575,2,3,3,3,2,3,4,3,3,4,4,3,3,3,4,3,4,3,4,2,4
496.6249759471921,Female,21.377992879099537,3,5,4,5,4,3,3,4,4,4,3,3,3,3,4,3,4,3,4,3,3
492.6744534972928,Female,54.6630974551198,2,3,3,3,4,3,4,3,4,3,4,3,3,3,3,3,3,4,3,3,4
490.0105280259588,Male,25.337730553196344,1,4,5,4,4,3,4,3,3,4,4,3,3,4,4,4,3,3,3,4,3
